###############################################################
#  Generated by:      Cadence Encounter 13.10-p003_1
#  OS:                Linux i686(Host ID cadence)
#  Generated on:      Sun Apr 26 20:15:10 2026
#  Design:            eigen_top
#  Command:           verifyGeometry
###############################################################

SHORT: Regular Via of Net mac_inst/csa_tree_add_36_25_I16/FE_OFN124_delayed_eigen_weight_188_ & Regular Wire of Net mac_inst/csa_tree_add_36_25_I16/FE_OFN11_submod_op_centred_pixels_132_  ( M2 )
Bounds : ( 32.620, 274.770 ) ( 32.900, 275.150 )


SHORT: Regular Via of Net submod_op_centred_pixels[119] & Regular Wire of Net submod_op_centred_pixels[114]  ( M2 )
Bounds : ( 32.060, 374.450 ) ( 32.340, 374.830 )


SHORT: Regular Via of Net mac_inst/csa_tree_add_36_25_I16/FE_OFN102_delayed_eigen_weight_220_ & Regular Wire of Net submod_op_centred_pixels[114]  ( M2 )
Bounds : ( 32.060, 319.225 ) ( 32.340, 319.950 )


SHORT: Regular Via of Net submod_op_centred_pixels[118] & Regular Wire of Net submod_op_centred_pixels[114]  ( M2 )
Bounds : ( 32.060, 308.025 ) ( 32.340, 308.750 )


SHORT: Regular Via of Net FE_OFN181_delayed_eigen_weight_111_ & Regular Wire of Net submod_op_centred_pixels[114]  ( M2 )
Bounds : ( 32.060, 246.985 ) ( 32.340, 247.710 )


SHORT: Regular Via of Net submod_op_centred_pixels[153] & Regular Wire of Net submod_op_centred_pixels[114]  ( M2 )
Bounds : ( 32.060, 231.090 ) ( 32.340, 231.470 )


SHORT: Regular Via of Net submod_op_centred_pixels[150] & Regular Wire of Net submod_op_centred_pixels[114]  ( M2 )
Bounds : ( 32.060, 217.650 ) ( 32.340, 218.030 )


SHORT: Regular Via of Net FE_OFN129_delayed_eigen_weight_183_ & Regular Wire of Net submod_op_centred_pixels[115]  ( M2 )
Bounds : ( 27.020, 369.970 ) ( 27.300, 370.350 )


SHORT: Regular Via of Net FE_OFN129_delayed_eigen_weight_183_ & Regular Wire of Net submod_op_centred_pixels[115]  ( M2 )
Bounds : ( 27.020, 352.610 ) ( 27.300, 352.990 )


SHORT: Regular Wire of Net submod_op_centred_pixels[116] & Regular Wire of Net FE_OFN129_delayed_eigen_weight_183_  ( M2 )
Bounds : ( 26.460, 370.020 ) ( 26.740, 370.300 )


SHORT: Regular Via of Net clk & Regular Wire of Net submod_op_centred_pixels[116]  ( M2 )
Bounds : ( 26.460, 224.025 ) ( 26.740, 224.750 )


SHORT: Regular Via of Net submod_op_centred_pixels[116] & Regular Wire of Net FE_OFN127_delayed_eigen_weight_185_  ( M2 )
Bounds : ( 24.220, 364.420 ) ( 24.500, 364.700 )


SHORT: Regular Via of Net clk & Regular Wire of Net submod_op_centred_pixels[117]  ( M2 )
Bounds : ( 21.420, 229.410 ) ( 21.700, 229.790 )


SHORT: Regular Via of Net submod_op_centred_pixels[118] & Regular Wire of Net submod_op_centred_pixels[119]  ( M2 )
Bounds : ( 28.140, 369.625 ) ( 28.420, 370.350 )


SHORT: Regular Via of Net submod_op_centred_pixels[119] & Regular Wire of Net FE_OFN129_delayed_eigen_weight_183_  ( M2 )
Bounds : ( 25.900, 352.660 ) ( 26.180, 352.990 )


SHORT: Regular Wire of Net submod_op_centred_pixels[119] & Regular Wire of Net FE_OFN129_delayed_eigen_weight_183_  ( M2 )
Bounds : ( 25.900, 352.660 ) ( 27.300, 352.940 )


SHORT: Regular Wire of Net submod_op_centred_pixels[150] & Regular Wire of Net FE_OFN126_delayed_eigen_weight_186_  ( M2 )
Bounds : ( 24.780, 213.220 ) ( 25.060, 213.500 )


SHORT: Regular Via of Net stream_eigen_weight[187] & Regular Wire of Net FE_OFN254_n_1  ( M2 )
Bounds : ( 21.980, 134.425 ) ( 22.260, 135.150 )


SHORT: Regular Via of Net stream_eigen_weight[188] & Regular Wire of Net FE_OFN254_n_1  ( M2 )
Bounds : ( 21.980, 106.425 ) ( 22.260, 107.150 )


SHORT: Regular Via of Net stream_eigen_weight[221] & Regular Wire of Net FE_OFN254_n_1  ( M2 )
Bounds : ( 21.980, 117.625 ) ( 22.260, 118.350 )


SHORT: Regular Via of Net stream_mean[107] & Regular Wire of Net stream_valid  ( M2 )
Bounds : ( 20.300, 392.025 ) ( 20.580, 392.750 )


SHORT: Regular Wire of Net stream_pixels[120] & Regular Wire of Net stream_valid  ( M2 )
Bounds : ( 20.860, 207.620 ) ( 21.140, 207.900 )


SHORT: Regular Via of Net FE_OFN254_n_1 & Regular Wire of Net stream_pixels[120]  ( M2 )
Bounds : ( 21.930, 202.580 ) ( 22.310, 202.860 )


SHORT: Regular Wire of Net stream_valid & Regular Wire of Net clk  ( M2 )
Bounds : ( 21.420, 381.780 ) ( 21.700, 382.060 )


SHORT: Regular Via of Net clk & Regular Wire of Net FE_OFN126_delayed_eigen_weight_186_  ( M2 )
Bounds : ( 24.780, 392.370 ) ( 25.060, 392.750 )


SHORT: Regular Via of Net FE_OFN253_n_1 & Regular Wire of Net FE_OFN126_delayed_eigen_weight_186_  ( M2 )
Bounds : ( 24.780, 381.730 ) ( 25.060, 382.110 )


SHORT: Regular Wire of Net FE_OFN126_delayed_eigen_weight_186_ & Regular Wire of Net FE_OFN127_delayed_eigen_weight_185_  ( M2 )
Bounds : ( 24.780, 364.420 ) ( 25.060, 364.700 )


SHORT: Regular Via of Net FE_OFN254_n_1 & Regular Wire of Net FE_OFN126_delayed_eigen_weight_186_  ( M2 )
Bounds : ( 24.780, 224.930 ) ( 25.060, 225.310 )


SHORT: Regular Via of Net FE_OFN254_n_1 & Regular Wire of Net FE_OFN126_delayed_eigen_weight_186_  ( M2 )
Bounds : ( 24.780, 213.730 ) ( 25.060, 214.110 )


SHORT: Regular Via of Net submod_op_centred_pixels[115] & Regular Wire of Net submod_op_centred_pixels[114]  ( M2 )
Bounds : ( 32.060, 460.345 ) ( 32.340, 461.070 )


SHORT: Regular Via of Net submod_op_centred_pixels[116] & Regular Wire of Net submod_op_centred_pixels[114]  ( M2 )
Bounds : ( 32.060, 427.090 ) ( 32.340, 427.470 )


SHORT: Regular Wire of Net submod_op_centred_pixels[114] & Regular Wire of Net FE_OFN253_n_1  ( M2 )
Bounds : ( 32.060, 408.100 ) ( 32.340, 408.380 )


SHORT: Regular Via of Net clk & Regular Wire of Net submod_op_centred_pixels[114]  ( M2 )
Bounds : ( 32.060, 398.530 ) ( 32.340, 398.910 )


SHORT: Regular Via of Net submod_op_centred_pixels[114] & Regular Wire of Net FE_OFN126_delayed_eigen_weight_186_  ( M2 )
Bounds : ( 29.820, 431.620 ) ( 30.100, 431.900 )


SHORT: Regular Wire of Net submod_op_centred_pixels[115] & Regular Wire of Net clk  ( M2 )
Bounds : ( 27.020, 436.660 ) ( 27.300, 436.940 )


SHORT: Regular Via of Net clk & Regular Wire of Net submod_op_centred_pixels[115]  ( M2 )
Bounds : ( 27.020, 414.210 ) ( 27.300, 414.590 )


SHORT: Regular Wire of Net submod_op_centred_pixels[116] & Regular Wire of Net clk  ( M2 )
Bounds : ( 26.460, 414.260 ) ( 26.740, 414.540 )


SHORT: Regular Via of Net stream_pixels[91] & Regular Wire of Net stream_valid  ( M2 )
Bounds : ( 20.300, 509.970 ) ( 20.580, 510.350 )


SHORT: Regular Via of Net stream_pixels[92] & Regular Wire of Net stream_valid  ( M2 )
Bounds : ( 20.300, 493.170 ) ( 20.580, 493.550 )


SHORT: Regular Via of Net stream_pixels[93] & Regular Wire of Net stream_valid  ( M2 )
Bounds : ( 20.300, 470.770 ) ( 20.580, 471.150 )


SHORT: Regular Via of Net stream_pixels[95] & Regular Wire of Net stream_valid  ( M2 )
Bounds : ( 20.300, 414.770 ) ( 20.580, 415.150 )


SHORT: Regular Via of Net FE_OFN253_n_1 & Regular Wire of Net stream_valid  ( M2 )
Bounds : ( 20.300, 483.090 ) ( 20.580, 483.470 )


SHORT: Regular Via of Net FE_OFN253_n_1 & Regular Wire of Net stream_valid  ( M2 )
Bounds : ( 20.300, 486.450 ) ( 20.580, 486.830 )


SHORT: Regular Via of Net FE_OFN253_n_1 & Regular Wire of Net stream_valid  ( M2 )
Bounds : ( 20.300, 404.690 ) ( 20.580, 405.070 )


SHORT: Regular Via of Net clk & Regular Wire of Net FE_OFN126_delayed_eigen_weight_186_  ( M2 )
Bounds : ( 24.780, 403.010 ) ( 25.060, 403.390 )


SHORT: Regular Wire of Net clk & Regular Wire of Net FE_OFN253_n_1  ( M2 )
Bounds : ( 21.420, 459.620 ) ( 21.700, 459.900 )


SHORT: Regular Via of Net FE_OFN253_n_1 & Regular Wire of Net FE_OFN126_delayed_eigen_weight_186_  ( M2 )
Bounds : ( 24.780, 397.410 ) ( 25.060, 397.790 )


SHORT: Regular Via of Net clk & Regular Wire of Net submod_op_centred_pixels[89]  ( M2 )
Bounds : ( 67.900, 44.610 ) ( 68.180, 44.990 )


SHORT: Regular Via of Net FE_OFN109_delayed_eigen_weight_203_ & Regular Wire of Net submod_op_centred_pixels[129]  ( M2 )
Bounds : ( 81.340, 46.290 ) ( 81.620, 46.670 )


SHORT: Regular Via of Net FE_OFN221_delayed_eigen_weight_29_ & Regular Wire of Net submod_op_centred_pixels[129]  ( M2 )
Bounds : ( 80.780, 56.420 ) ( 81.060, 56.700 )


SHORT: Regular Wire of Net submod_op_centred_pixels[129] & Regular Wire of Net FE_OFN109_delayed_eigen_weight_203_  ( M2 )
Bounds : ( 79.660, 56.420 ) ( 80.500, 56.700 )


SHORT: Regular Via of Net submod_op_centred_pixels[159] & Regular Wire of Net FE_OFN150_delayed_eigen_weight_142_  ( M2 )
Bounds : ( 303.660, 34.530 ) ( 303.940, 34.910 )


SHORT: Regular Via of Net FE_OFN220_delayed_eigen_weight_30_ & Regular Wire of Net stream_eigen_weight[12]  ( M2 )
Bounds : ( 69.580, 27.250 ) ( 69.860, 27.630 )


SHORT: Regular Via of Net clk & Regular Wire of Net stream_eigen_weight[12]  ( M2 )
Bounds : ( 69.580, 22.210 ) ( 69.860, 22.590 )


SHORT: Regular Via of Net FE_OFN254_n_1 & Regular Wire of Net stream_eigen_weight[29]  ( M2 )
Bounds : ( 39.900, 27.250 ) ( 40.180, 27.630 )


SHORT: Regular Via of Net stream_eigen_weight[29] & Regular Wire of Net FE_OFN254_n_1  ( M2 )
Bounds : ( 40.460, 28.370 ) ( 40.740, 28.750 )


SHORT: Regular Wire of Net stream_eigen_weight[30] & Regular Wire of Net FE_OFN221_delayed_eigen_weight_29_  ( M2 )
Bounds : ( 57.820, 27.300 ) ( 58.100, 27.580 )


SHORT: Regular Via of Net stream_eigen_weight[206] & Regular Wire of Net clk  ( M2 )
Bounds : ( 184.890, 28.420 ) ( 185.220, 28.700 )


SHORT: Regular Via of Net clk & Regular Wire of Net stream_eigen_weight[206]  ( M2 )
Bounds : ( 184.940, 28.370 ) ( 185.220, 28.700 )


SHORT: Regular Via of Net FE_OFN254_n_1 & Regular Wire of Net stream_eigen_weight[251]  ( M2 )
Bounds : ( 46.620, 23.890 ) ( 46.900, 24.270 )


SHORT: Regular Wire of Net clk & Regular Wire of Net FE_OFN220_delayed_eigen_weight_30_  ( M2 )
Bounds : ( 69.020, 27.300 ) ( 69.300, 27.580 )


SHORT: Regular Wire of Net clk & Regular Wire of Net FE_OFN220_delayed_eigen_weight_30_  ( M2 )
Bounds : ( 68.460, 44.660 ) ( 68.740, 44.940 )


SHORT: Regular Wire of Net clk & Regular Wire of Net FE_OFN219_delayed_eigen_weight_31_  ( M2 )
Bounds : ( 69.020, 44.660 ) ( 69.300, 44.940 )


SHORT: Regular Via of Net FE_OFN151_delayed_eigen_weight_141_ & Regular Wire of Net FE_OFN254_n_1  ( M2 )
Bounds : ( 206.220, 56.370 ) ( 206.500, 56.750 )


SHORT: Regular Via of Net FE_OFN165_delayed_eigen_weight_127_ & Regular Wire of Net FE_OFN153_delayed_eigen_weight_139_  ( M2 )
Bounds : ( 60.060, 49.650 ) ( 60.340, 50.030 )


SHORT: Regular Via of Net stream_valid & Regular Wire of Net stream_eigen_weight[50]  ( M2 )
Bounds : ( 425.740, 22.770 ) ( 426.020, 23.150 )


SHORT: Regular Via of Net stream_mean[139] & Regular Wire of Net stream_eigen_weight[68]  ( M2 )
Bounds : ( 387.660, 27.810 ) ( 387.940, 28.190 )


SHORT: Regular Wire of Net stream_eigen_weight[69] & Regular Wire of Net clk  ( M2 )
Bounds : ( 395.500, -0.140 ) ( 395.780, 6.860 )


SHORT: Regular Wire of Net stream_eigen_weight[76] & Regular Wire of Net stream_eigen_weight[78]  ( M2 )
Bounds : ( 374.220, -0.140 ) ( 375.060, 0.140 )


SHORT: Regular Via of Net stream_pixels[26] & Regular Wire of Net stream_eigen_weight[166]  ( M2 )
Bounds : ( 382.620, 28.370 ) ( 382.900, 28.750 )


SHORT: Regular Wire of Net stream_mean[27] & Regular Wire of Net stream_mean[35]  ( M2 )
Bounds : ( 419.580, -0.140 ) ( 419.860, 0.140 )


SHORT: Regular Wire of Net stream_mean[27] & Regular Wire of Net stream_mean[34]  ( M2 )
Bounds : ( 419.580, 3.780 ) ( 419.860, 21.980 )


SHORT: Regular Via of Net stream_mean[28] & Regular Wire of Net stream_pixels[37]  ( M2 )
Bounds : ( 401.660, 23.330 ) ( 401.940, 23.710 )


SHORT: Regular Via of Net stream_pixels[28] & Regular Wire of Net stream_mean[31]  ( M2 )
Bounds : ( 408.940, 22.770 ) ( 409.220, 23.150 )


SHORT: Regular Via of Net stream_mean[32] & Regular Wire of Net stream_mean[33]  ( M2 )
Bounds : ( 416.780, 34.530 ) ( 417.060, 34.910 )


SHORT: Regular Via of Net stream_mean[36] & Regular Wire of Net stream_pixels[61]  ( M2 )
Bounds : ( 422.380, 22.770 ) ( 422.660, 23.150 )


SHORT: Regular Via of Net stream_mean[38] & Regular Wire of Net stream_mean[71]  ( M2 )
Bounds : ( 435.820, 39.010 ) ( 436.100, 39.390 )


SHORT: Regular Via of Net stream_valid & Regular Wire of Net stream_mean[39]  ( M2 )
Bounds : ( 427.980, 33.970 ) ( 428.260, 34.350 )


SHORT: Regular Wire of Net stream_mean[43] & Regular Wire of Net stream_pixels[38]  ( M2 )
Bounds : ( 408.380, 39.620 ) ( 408.660, 39.900 )


SHORT: Regular Via of Net stream_pixels[87] & Regular Wire of Net stream_mean[53]  ( M2 )
Bounds : ( 441.420, 45.170 ) ( 441.700, 45.550 )


SHORT: Regular Via of Net stream_pixels[126] & Regular Wire of Net stream_mean[53]  ( M2 )
Bounds : ( 441.420, 22.770 ) ( 441.700, 23.150 )


SHORT: Regular Wire of Net stream_mean[139] & Regular Wire of Net FE_OFN234_delayed_eigen_weight_15_  ( M2 )
Bounds : ( 385.980, 23.940 ) ( 386.260, 24.220 )


SHORT: Regular Via of Net FE_OFN257_n_1 & Regular Wire of Net stream_pixels[26]  ( M2 )
Bounds : ( 369.740, 23.890 ) ( 370.020, 24.270 )


SHORT: Regular Via of Net stream_pixels[56] & Regular Wire of Net stream_pixels[86]  ( M2 )
Bounds : ( 452.620, 28.930 ) ( 452.900, 29.310 )


SHORT: Regular Wire of Net stream_eigen_weight[48] & Regular Wire of Net stream_pixels[5]  ( M2 )
Bounds : ( 509.740, 22.820 ) ( 510.020, 23.100 )


SHORT: Regular Wire of Net stream_eigen_weight[65] & Regular Wire of Net stream_eigen_weight[67]  ( M2 )
Bounds : ( 456.540, -0.140 ) ( 456.820, 0.140 )


SHORT: Regular Via of Net stream_mean[68] & Regular Wire of Net stream_eigen_weight[67]  ( M2 )
Bounds : ( 457.100, 39.010 ) ( 457.380, 39.390 )


SHORT: Regular Via of Net stream_mean[130] & Regular Wire of Net stream_eigen_weight[128]  ( M2 )
Bounds : ( 487.340, 45.385 ) ( 487.620, 46.110 )


SHORT: Regular Via of Net stream_pixels[7] & Regular Wire of Net stream_eigen_weight[128]  ( M2 )
Bounds : ( 487.340, 22.770 ) ( 487.620, 23.150 )


SHORT: Regular Via of Net stream_pixels[98] & Regular Wire of Net stream_eigen_weight[193]  ( M2 )
Bounds : ( 537.180, 22.770 ) ( 537.460, 23.150 )


SHORT: Regular Wire of Net stream_eigen_weight[224] & Regular Wire of Net stream_mean[93]  ( M2 )
Bounds : ( 501.340, 45.780 ) ( 501.620, 46.060 )


SHORT: Regular Wire of Net stream_mean[0] & Regular Wire of Net stream_mean[132]  ( M2 )
Bounds : ( 490.140, 22.820 ) ( 490.420, 23.100 )


SHORT: Regular Via of Net stream_mean[2] & Regular Wire of Net stream_mean[93]  ( M2 )
Bounds : ( 504.140, 38.665 ) ( 504.420, 39.390 )


SHORT: Regular Via of Net stream_pixels[57] & Regular Wire of Net stream_mean[52]  ( M2 )
Bounds : ( 461.580, 22.770 ) ( 461.860, 23.150 )


SHORT: Regular Via of Net stream_mean[64] & Regular Wire of Net stream_mean[89]  ( M2 )
Bounds : ( 464.940, 27.810 ) ( 465.220, 28.190 )


SHORT: Regular Via of Net stream_mean[66] & Regular Wire of Net stream_pixels[85]  ( M2 )
Bounds : ( 467.740, 39.010 ) ( 468.020, 39.390 )


SHORT: Regular Via of Net stream_mean[127] & Regular Wire of Net stream_mean[79]  ( M2 )
Bounds : ( 496.300, 34.530 ) ( 496.580, 34.910 )


SHORT: Regular Via of Net stream_pixels[0] & Regular Wire of Net stream_mean[79]  ( M2 )
Bounds : ( 496.300, 22.210 ) ( 496.580, 22.590 )


SHORT: Regular Via of Net stream_mean[91] & Regular Wire of Net stream_mean[113]  ( M2 )
Bounds : ( 531.020, 39.010 ) ( 531.300, 39.390 )


SHORT: Regular Via of Net stream_pixels[109] & Regular Wire of Net stream_mean[92]  ( M2 )
Bounds : ( 518.700, 22.770 ) ( 518.980, 23.150 )


SHORT: Regular Via of Net stream_pixels[115] & Regular Wire of Net stream_mean[95]  ( M2 )
Bounds : ( 470.540, 22.425 ) ( 470.820, 23.150 )


SHORT: Regular Via of Net stream_mean[123] & Regular Wire of Net stream_mean[129]  ( M2 )
Bounds : ( 478.940, 27.465 ) ( 479.220, 28.190 )


SHORT: Regular Via of Net stream_pixels[117] & Regular Wire of Net stream_mean[129]  ( M2 )
Bounds : ( 478.940, 22.770 ) ( 479.220, 23.150 )


SHORT: Regular Via of Net stream_pixels[46] & Regular Wire of Net stream_mean[130]  ( M2 )
Bounds : ( 483.420, 22.770 ) ( 483.700, 23.150 )


SHORT: Regular Via of Net stream_pixels[4] & Regular Wire of Net stream_pixels[84]  ( M2 )
Bounds : ( 514.220, 22.425 ) ( 514.500, 23.150 )


SHORT: Regular Via of Net stream_pixels[5] & Regular Wire of Net stream_pixels[112]  ( M2 )
Bounds : ( 508.620, 22.770 ) ( 508.900, 23.150 )


SHORT: Regular Via of Net stream_pixels[118] & Regular Wire of Net stream_pixels[46]  ( M2 )
Bounds : ( 483.980, 22.820 ) ( 484.260, 23.100 )


SHORT: Regular Via of Net stream_mean[110] & Regular Wire of Net stream_eigen_weight[226]  ( M2 )
Bounds : ( 544.460, 39.010 ) ( 544.740, 39.390 )


SHORT: Regular Via of Net stream_pixels[43] & Regular Wire of Net stream_mean[75]  ( M2 )
Bounds : ( 574.140, 22.770 ) ( 574.420, 23.150 )


SHORT: Regular Via of Net stream_mean[85] & Regular Wire of Net stream_mean[86]  ( M2 )
Bounds : ( 550.620, 34.530 ) ( 550.900, 34.910 )


SHORT: Regular Via of Net submod_op_centred_pixels[88] & Regular Wire of Net FE_OFN165_delayed_eigen_weight_127_  ( M2 )
Bounds : ( 369.180, 78.770 ) ( 369.460, 79.150 )


SHORT: Regular Wire of Net mac_inst/csa_tree_add_36_25_I16/FE_OFN38_submod_op_centred_pixels_77_ & Regular Wire of Net FE_OFN68_delayed_eigen_weight_255_  ( M3 )
Bounds : ( 199.450, 86.660 ) ( 201.510, 86.940 )


SHORT: Regular Wire of Net FE_OFN110_delayed_eigen_weight_202_ & Regular Wire of Net FE_OFN239_delayed_eigen_weight_10_  ( M2 )
Bounds : ( 116.620, 174.020 ) ( 116.900, 174.300 )


SHORT: Regular Via of Net submod_op_centred_pixels[159] & Regular Wire of Net submod_op_centred_pixels[88]  ( M2 )
Bounds : ( 71.820, 61.970 ) ( 72.100, 62.350 )


SHORT: Regular Via of Net submod_op_centred_pixels[89] & Regular Wire of Net FE_OFN165_delayed_eigen_weight_127_  ( M2 )
Bounds : ( 60.620, 61.970 ) ( 60.900, 62.350 )


SHORT: Regular Via of Net mac_inst/csa_tree_add_36_25_I16/FE_OFN5_submod_op_centred_pixels_149_ & Regular Wire of Net submod_op_centred_pixels[89]  ( M2 )
Bounds : ( 67.900, 117.970 ) ( 68.180, 118.350 )


SHORT: Regular Via of Net FE_OFN122_delayed_eigen_weight_190_ & Regular Wire of Net submod_op_centred_pixels[116]  ( M2 )
Bounds : ( 40.460, 101.170 ) ( 40.740, 101.550 )


SHORT: Regular Wire of Net submod_op_centred_pixels[116] & Regular Wire of Net FE_OFN122_delayed_eigen_weight_190_  ( M2 )
Bounds : ( 40.460, 101.220 ) ( 41.860, 101.500 )


SHORT: Regular Via of Net submod_op_centred_pixels[135] & Regular Wire of Net submod_op_centred_pixels[117]  ( M2 )
Bounds : ( 43.820, 90.530 ) ( 44.100, 90.910 )


SHORT: Regular Wire of Net submod_op_centred_pixels[117] & Regular Wire of Net FE_OFN182_delayed_eigen_weight_110_  ( M2 )
Bounds : ( 38.780, 129.220 ) ( 39.060, 129.500 )


SHORT: Regular Via of Net submod_op_centred_pixels[117] & Regular Wire of Net FE_OFN182_delayed_eigen_weight_110_  ( M2 )
Bounds : ( 37.100, 123.570 ) ( 37.380, 123.950 )


SHORT: Regular Via of Net submod_op_centred_pixels[144] & Regular Wire of Net submod_op_centred_pixels[135]  ( M2 )
Bounds : ( 50.540, 140.370 ) ( 50.820, 140.750 )


SHORT: Regular Via of Net FE_OFN100_delayed_eigen_weight_222_ & Regular Wire of Net submod_op_centred_pixels[135]  ( M2 )
Bounds : ( 50.540, 123.225 ) ( 50.820, 123.950 )


SHORT: Regular Via of Net FE_OFN169_delayed_eigen_weight_123_ & Regular Wire of Net submod_op_centred_pixels[135]  ( M2 )
Bounds : ( 50.540, 106.425 ) ( 50.820, 107.150 )


SHORT: Regular Via of Net FE_OFN223_delayed_eigen_weight_27_ & Regular Wire of Net mac_inst/csa_tree_add_36_25_I16/FE_OFN0_submod_op_centred_pixels_159_  ( M2 )
Bounds : ( 74.620, 89.625 ) ( 74.900, 90.350 )


SHORT: Regular Wire of Net mac_inst/csa_tree_add_36_25_I16/FE_OFN5_submod_op_centred_pixels_149_ & Regular Wire of Net FE_OFN166_delayed_eigen_weight_126_  ( M2 )
Bounds : ( 62.300, 118.580 ) ( 62.580, 129.500 )


SHORT: Regular Via of Net mac_inst/csa_tree_add_36_25_I16/FE_OFN222_delayed_eigen_weight_28_ & Regular Wire of Net mac_inst/csa_tree_add_36_25_I16/FE_OFN32_submod_op_centred_pixels_87_  ( M2 )
Bounds : ( 87.500, 73.220 ) ( 87.780, 73.550 )


SHORT: Regular Via of Net mac_inst/csa_tree_add_36_25_I16/FE_OFN32_submod_op_centred_pixels_87_ & Regular Via of Net FE_OFN151_delayed_eigen_weight_141_  ( M2 )
Bounds : ( 97.020, 73.220 ) ( 97.300, 73.500 )


SHORT: Regular Wire of Net mac_inst/csa_tree_add_36_25_I16/FE_OFN32_submod_op_centred_pixels_87_ & Regular Wire of Net mac_inst/csa_tree_add_36_25_I16/FE_OFN222_delayed_eigen_weight_28_  ( M2 )
Bounds : ( 87.500, 73.220 ) ( 88.900, 73.500 )


SHORT: Regular Via of Net mac_inst/csa_tree_add_36_25_I16/FE_OFN39_submod_op_centred_pixels_76_ & Regular Wire of Net mac_inst/csa_tree_add_36_25_I16/FE_OFN37_submod_op_centred_pixels_78_  ( M2 )
Bounds : ( 51.660, 106.770 ) ( 51.940, 107.150 )


SHORT: Regular Via of Net mac_inst/csa_tree_add_36_25_I16/FE_OFN37_submod_op_centred_pixels_78_ & Regular Wire of Net FE_OFN168_delayed_eigen_weight_124_  ( M2 )
Bounds : ( 52.220, 95.570 ) ( 52.500, 95.950 )


SHORT: Regular Wire of Net mac_inst/csa_tree_add_36_25_I16/FE_OFN37_submod_op_centred_pixels_78_ & Regular Wire of Net FE_OFN168_delayed_eigen_weight_124_  ( M2 )
Bounds : ( 51.660, 95.620 ) ( 52.500, 95.900 )


SHORT: Regular Via of Net FE_OFN168_delayed_eigen_weight_124_ & Regular Wire of Net mac_inst/csa_tree_add_36_25_I16/FE_OFN39_submod_op_centred_pixels_76_  ( M2 )
Bounds : ( 51.100, 95.570 ) ( 51.380, 95.950 )


SHORT: Regular Via of Net mac_inst/csa_tree_add_36_25_I16/FE_OFN41_submod_op_centred_pixels_74_ & Regular Wire of Net mac_inst/csa_tree_add_36_25_I16/FE_OFN40_submod_op_centred_pixels_75_  ( M2 )
Bounds : ( 56.700, 140.370 ) ( 56.980, 140.750 )


SHORT: Regular Via of Net mac_inst/csa_tree_add_36_25_I16/FE_OFN46_submod_op_centred_pixels_68_ & Regular Via of Net mac_inst/csa_tree_add_36_25_I16/FE_OFN185_delayed_eigen_weight_107_  ( M2 )
Bounds : ( 43.820, 134.820 ) ( 44.100, 135.100 )


SHORT: Regular Via of Net FE_OFN220_delayed_eigen_weight_30_ & Regular Wire of Net mac_inst/csa_tree_add_36_25_I16/FE_OFN55_submod_op_centred_pixels_16_  ( M2 )
Bounds : ( 85.820, 67.620 ) ( 86.100, 67.900 )


SHORT: Regular Via of Net FE_OFN84_delayed_eigen_weight_239_ & Regular Wire of Net FE_OFN69_delayed_eigen_weight_254_  ( M2 )
Bounds : ( 51.660, 140.370 ) ( 51.940, 140.750 )


SHORT: Regular Wire of Net FE_OFN89_delayed_eigen_weight_234_ & Regular Wire of Net FE_OFN182_delayed_eigen_weight_110_  ( M2 )
Bounds : ( 38.220, 129.220 ) ( 38.500, 129.500 )


SHORT: Regular Wire of Net FE_OFN122_delayed_eigen_weight_190_ & Regular Wire of Net FE_OFN182_delayed_eigen_weight_110_  ( M2 )
Bounds : ( 37.660, 91.140 ) ( 37.940, 91.420 )


SHORT: Regular Via of Net mac_inst/csa_tree_add_36_25_I16/FE_OFN185_delayed_eigen_weight_107_ & Regular Wire of Net FE_OFN181_delayed_eigen_weight_111_  ( M2 )
Bounds : ( 42.700, 134.770 ) ( 42.980, 135.150 )


SHORT: Regular Via of Net FE_OFN182_delayed_eigen_weight_110_ & Regular Wire of Net FE_OFN183_delayed_eigen_weight_109_  ( M2 )
Bounds : ( 39.340, 129.170 ) ( 39.620, 129.550 )


SHORT: Regular Via of Net FE_OFN219_delayed_eigen_weight_31_ & Regular Wire of Net FE_OFN221_delayed_eigen_weight_29_  ( M2 )
Bounds : ( 84.700, 128.265 ) ( 84.980, 128.990 )


SHORT: Regular Via of Net FE_OFN169_delayed_eigen_weight_123_ & Regular Wire of Net FE_OFN170_delayed_eigen_weight_122_  ( TOP_M )
Bounds : ( 49.340, 153.730 ) ( 49.780, 192.350 )


SHORT: Regular Via of Net mac_inst/csa_tree_add_36_25_I16/FE_OFN154_delayed_eigen_weight_138_ & Regular Wire of Net submod_op_centred_pixels[88]  ( M2 )
Bounds : ( 71.820, 150.450 ) ( 72.100, 150.830 )


SHORT: Regular Wire of Net submod_op_centred_pixels[114] & Regular Wire of Net mac_inst/csa_tree_add_36_25_I16/FE_OFN47_submod_op_centred_pixels_67_  ( M2 )
Bounds : ( 37.100, 157.170 ) ( 37.380, 158.060 )


SHORT: Regular Via of Net submod_op_centred_pixels[115] & Regular Wire of Net mac_inst/csa_tree_add_36_25_I16/FE_OFN48_submod_op_centred_pixels_66_  ( M2 )
Bounds : ( 35.420, 151.570 ) ( 35.700, 151.950 )


SHORT: Regular Via of Net submod_op_centred_pixels[119] & Regular Wire of Net mac_inst/csa_tree_add_36_25_I16/FE_OFN39_submod_op_centred_pixels_76_  ( M2 )
Bounds : ( 51.100, 146.530 ) ( 51.380, 146.910 )


SHORT: Regular Wire of Net submod_op_centred_pixels[119] & Regular Wire of Net FE_OFN69_delayed_eigen_weight_254_  ( M2 )
Bounds : ( 51.660, 146.580 ) ( 51.940, 146.860 )


SHORT: Regular Via of Net submod_op_centred_pixels[135] & Regular Wire of Net FE_OFN181_delayed_eigen_weight_111_  ( M2 )
Bounds : ( 42.700, 179.570 ) ( 42.980, 179.950 )


SHORT: Regular Via of Net mac_inst/csa_tree_add_36_25_I16/FE_OFN0_submod_op_centred_pixels_159_ & Regular Wire of Net mac_inst/csa_tree_add_36_25_I16/FE_OFN5_submod_op_centred_pixels_149_  ( M2 )
Bounds : ( 62.300, 151.570 ) ( 62.580, 151.950 )


SHORT: Regular Via of Net mac_inst/csa_tree_add_36_25_I16/FE_OFN73_delayed_eigen_weight_250_ & Regular Wire of Net mac_inst/csa_tree_add_36_25_I16/FE_OFN0_submod_op_centred_pixels_159_  ( M2 )
Bounds : ( 63.420, 151.620 ) ( 63.700, 151.900 )


SHORT: Regular Wire of Net mac_inst/csa_tree_add_36_25_I16/FE_OFN5_submod_op_centred_pixels_149_ & Regular Wire of Net FE_OFN224_delayed_eigen_weight_26_  ( M2 )
Bounds : ( 62.300, 173.970 ) ( 62.580, 174.860 )


SHORT: Regular Via of Net FE_OFN168_delayed_eigen_weight_124_ & Regular Wire of Net mac_inst/csa_tree_add_36_25_I16/FE_OFN39_submod_op_centred_pixels_76_  ( M2 )
Bounds : ( 49.420, 162.425 ) ( 49.700, 163.150 )


SHORT: Regular Via of Net FE_OFN85_delayed_eigen_weight_238_ & Regular Wire of Net mac_inst/csa_tree_add_36_25_I16/FE_OFN40_submod_op_centred_pixels_75_  ( M2 )
Bounds : ( 56.700, 179.225 ) ( 56.980, 179.950 )


SHORT: Regular Via of Net FE_OFN100_delayed_eigen_weight_222_ & Regular Wire of Net mac_inst/csa_tree_add_36_25_I16/FE_OFN185_delayed_eigen_weight_107_  ( M2 )
Bounds : ( 44.380, 179.570 ) ( 44.660, 179.950 )


SHORT: Regular Via of Net FE_OFN170_delayed_eigen_weight_122_ & Regular Wire of Net FE_OFN123_delayed_eigen_weight_189_  ( M2 )
Bounds : ( 41.020, 145.970 ) ( 41.300, 146.350 )


SHORT: Regular Via of Net submod_op_centred_pixels[89] & Regular Wire of Net mac_inst/csa_tree_add_36_25_I16/FE_OFN102_delayed_eigen_weight_220_  ( M2 )
Bounds : ( 59.500, 224.025 ) ( 59.780, 224.750 )


SHORT: Regular Via of Net mac_inst/csa_tree_add_36_25_I16/FE_OFN47_submod_op_centred_pixels_67_ & Regular Wire of Net submod_op_centred_pixels[117]  ( M2 )
Bounds : ( 38.780, 196.370 ) ( 39.060, 196.750 )


SHORT: Regular Wire of Net submod_op_centred_pixels[134] & Regular Wire of Net FE_OFN122_delayed_eigen_weight_190_  ( M2 )
Bounds : ( 41.580, 201.460 ) ( 41.860, 207.340 )


SHORT: Regular Wire of Net submod_op_centred_pixels[150] & Regular Wire of Net mac_inst/csa_tree_add_36_25_I16/FE_OFN124_delayed_eigen_weight_188_  ( M2 )
Bounds : ( 33.180, 217.700 ) ( 33.460, 217.980 )


SHORT: Regular Via of Net submod_op_centred_pixels[151] & Regular Wire of Net mac_inst/csa_tree_add_36_25_I16/FE_OFN48_submod_op_centred_pixels_66_  ( M2 )
Bounds : ( 35.420, 206.105 ) ( 35.700, 206.830 )


SHORT: Regular Via of Net submod_op_centred_pixels[152] & Regular Wire of Net FE_OFN186_delayed_eigen_weight_106_  ( M2 )
Bounds : ( 37.660, 225.490 ) ( 37.940, 225.870 )


SHORT: Regular Wire of Net submod_op_centred_pixels[152] & Regular Wire of Net FE_OFN181_delayed_eigen_weight_111_  ( M2 )
Bounds : ( 38.220, 225.540 ) ( 38.500, 225.820 )


SHORT: Regular Via of Net mac_inst/csa_tree_add_36_25_I16/FE_OFN303_n_7684 & Regular Wire of Net mac_inst/csa_tree_add_36_25_I16/FE_OFN5_submod_op_centred_pixels_149_  ( M2 )
Bounds : ( 62.300, 225.490 ) ( 62.580, 225.870 )


SHORT: Regular Via of Net FE_OFN167_delayed_eigen_weight_125_ & Regular Wire of Net mac_inst/csa_tree_add_36_25_I16/FE_OFN37_submod_op_centred_pixels_78_  ( M2 )
Bounds : ( 47.740, 218.425 ) ( 48.020, 219.150 )


SHORT: Regular Wire of Net mac_inst/csa_tree_add_36_25_I16/FE_OFN39_submod_op_centred_pixels_76_ & Regular Wire of Net mac_inst/csa_tree_add_36_25_I16/FE_OFN40_submod_op_centred_pixels_75_  ( M2 )
Bounds : ( 49.420, 218.820 ) ( 49.700, 219.100 )


SHORT: Regular Via of Net FE_OFN166_delayed_eigen_weight_126_ & Regular Wire of Net mac_inst/csa_tree_add_36_25_I16/FE_OFN40_submod_op_centred_pixels_75_  ( M2 )
Bounds : ( 56.700, 218.425 ) ( 56.980, 218.540 )


SHORT: Regular Wire of Net mac_inst/csa_tree_add_36_25_I16/FE_OFN41_submod_op_centred_pixels_74_ & Regular Wire of Net mac_inst/csa_tree_add_36_25_I16/FE_OFN42_submod_op_centred_pixels_73_  ( M2 )
Bounds : ( 54.460, 224.420 ) ( 54.740, 224.700 )


SHORT: Regular Via of Net mac_inst/csa_tree_add_36_25_I16/FE_OFN185_delayed_eigen_weight_107_ & Regular Wire of Net mac_inst/csa_tree_add_36_25_I16/FE_OFN46_submod_op_centred_pixels_68_  ( M2 )
Bounds : ( 39.900, 196.025 ) ( 40.180, 196.750 )


SHORT: Regular Via of Net FE_OFN165_delayed_eigen_weight_127_ & Regular Wire of Net mac_inst/csa_tree_add_36_25_I16/FE_OFN71_delayed_eigen_weight_252_  ( M2 )
Bounds : ( 57.260, 224.370 ) ( 57.540, 224.750 )


SHORT: Regular Via of Net mac_inst/csa_tree_add_36_25_I16/FE_OFN71_delayed_eigen_weight_252_ & Regular Wire of Net FE_OFN224_delayed_eigen_weight_26_  ( M2 )
Bounds : ( 57.820, 203.090 ) ( 58.100, 203.470 )


SHORT: Regular Wire of Net FE_OFN165_delayed_eigen_weight_127_ & Regular Wire of Net FE_OFN224_delayed_eigen_weight_26_  ( M2 )
Bounds : ( 57.820, 224.420 ) ( 58.100, 224.700 )


SHORT: Regular Via of Net mac_inst/csa_tree_add_36_25_I16/FE_OFN32_submod_op_centred_pixels_87_ & Regular Wire of Net FE_OFN153_delayed_eigen_weight_139_  ( M2 )
Bounds : ( 102.620, 185.170 ) ( 102.900, 185.550 )


SHORT: Regular Wire of Net mac_inst/csa_tree_add_36_25_I16/FE_OFN32_submod_op_centred_pixels_87_ & Regular Wire of Net FE_OFN153_delayed_eigen_weight_139_  ( M2 )
Bounds : ( 102.620, 185.220 ) ( 103.460, 185.500 )


SHORT: Regular Via of Net mac_inst/FE_OFN263_n_545 & Regular Wire of Net mac_inst/csa_tree_add_36_25_I16/FE_OFN33_submod_op_centred_pixels_86_  ( M2 )
Bounds : ( 112.700, 213.945 ) ( 112.980, 214.670 )


SHORT: Regular Via of Net FE_OFN153_delayed_eigen_weight_139_ & Regular Wire of Net mac_inst/csa_tree_add_36_25_I16/FE_OFN33_submod_op_centred_pixels_86_  ( M2 )
Bounds : ( 113.820, 213.220 ) ( 114.100, 213.500 )


SHORT: Regular Via of Net FE_OFN110_delayed_eigen_weight_202_ & Regular Wire of Net FE_OFN239_delayed_eigen_weight_10_  ( M2 )
Bounds : ( 115.500, 179.570 ) ( 115.780, 179.950 )


SHORT: Regular Wire of Net submod_op_centred_pixels[99] & Regular Wire of Net mac_inst/csa_tree_add_36_25_I16/FE_OFN50_submod_op_centred_pixels_27_  ( M2 )
Bounds : ( 161.420, 106.820 ) ( 161.700, 107.100 )


SHORT: Regular Via of Net submod_op_centred_pixels[118] & Regular Wire of Net FE_OFN108_delayed_eigen_weight_204_  ( M2 )
Bounds : ( 133.980, 112.370 ) ( 134.260, 112.750 )


SHORT: Regular Via of Net mac_inst/csa_tree_add_36_25_I16/FE_OFN6_submod_op_centred_pixels_148_ & Regular Wire of Net FE_OFN206_delayed_eigen_weight_44_  ( M2 )
Bounds : ( 164.780, 61.970 ) ( 165.060, 62.350 )


SHORT: Regular Via of Net mac_inst/csa_tree_add_36_25_I16/FE_OFN25_submod_op_centred_pixels_98_ & Regular Wire of Net FE_OFN206_delayed_eigen_weight_44_  ( M2 )
Bounds : ( 164.780, 106.425 ) ( 165.060, 107.150 )


SHORT: Regular Via of Net mac_inst/csa_tree_add_36_25_I16/FE_OFN25_submod_op_centred_pixels_98_ & Regular Wire of Net FE_OFN206_delayed_eigen_weight_44_  ( M2 )
Bounds : ( 187.180, 78.770 ) ( 187.460, 79.100 )


SHORT: Regular Wire of Net mac_inst/csa_tree_add_36_25_I16/FE_OFN25_submod_op_centred_pixels_98_ & Regular Wire of Net FE_OFN206_delayed_eigen_weight_44_  ( M2 )
Bounds : ( 186.060, 78.820 ) ( 187.460, 79.100 )


SHORT: Regular Via of Net FE_OFN236_delayed_eigen_weight_13_ & Regular Wire of Net mac_inst/csa_tree_add_36_25_I16/FE_OFN34_submod_op_centred_pixels_85_  ( M2 )
Bounds : ( 131.740, 100.660 ) ( 132.020, 101.550 )


SHORT: Regular Wire of Net mac_inst/csa_tree_add_36_25_I16/FE_OFN35_submod_op_centred_pixels_84_ & Regular Wire of Net mac_inst/FE_OFN264_n_572  ( M2 )
Bounds : ( 139.580, 129.220 ) ( 139.860, 129.500 )


SHORT: Regular Via of Net mac_inst/csa_tree_add_36_25_I16/FE_OFN38_submod_op_centred_pixels_77_ & Regular Wire of Net FE_OFN206_delayed_eigen_weight_44_  ( M2 )
Bounds : ( 200.620, 73.170 ) ( 200.900, 73.550 )


SHORT: Regular Via of Net mac_inst/csa_tree_add_36_25_I16/FE_OFN66_submod_op_centred_pixels_5_ & Regular Wire of Net FE_OFN234_delayed_eigen_weight_15_  ( M2 )
Bounds : ( 150.220, 78.820 ) ( 150.500, 79.100 )


SHORT: Regular Via of Net FE_OFN234_delayed_eigen_weight_15_ & Regular Wire of Net mac_inst/csa_tree_add_36_25_I16/FE_OFN67_submod_op_centred_pixels_4_  ( M2 )
Bounds : ( 149.100, 135.380 ) ( 149.380, 135.710 )


SHORT: Regular Wire of Net mac_inst/csa_tree_add_36_25_I16/FE_OFN67_submod_op_centred_pixels_4_ & Regular Wire of Net FE_OFN234_delayed_eigen_weight_15_  ( M2 )
Bounds : ( 149.100, 135.380 ) ( 150.500, 135.660 )


SHORT: Regular Via of Net FE_OFN149_delayed_eigen_weight_143_ & Regular Wire of Net FE_OFN109_delayed_eigen_weight_203_  ( M2 )
Bounds : ( 136.780, 129.170 ) ( 137.060, 129.550 )


SHORT: Regular Via of Net mac_inst/csa_tree_add_36_25_I16/FE_OFN65_submod_op_centred_pixels_6_ & Regular Wire of Net submod_op_centred_pixels[99]  ( M2 )
Bounds : ( 161.420, 196.370 ) ( 161.700, 196.750 )


SHORT: Regular Via of Net submod_op_centred_pixels[143] & Regular Wire of Net mac_inst/csa_tree_add_36_25_I16/FE_OFN25_submod_op_centred_pixels_98_  ( M2 )
Bounds : ( 172.620, 180.130 ) ( 172.900, 180.510 )


SHORT: Regular Wire of Net submod_op_centred_pixels[143] & Regular Wire of Net FE_OFN84_delayed_eigen_weight_239_  ( M2 )
Bounds : ( 172.060, 180.180 ) ( 172.900, 180.460 )


SHORT: Regular Via of Net submod_op_centred_pixels[158] & Regular Wire of Net FE_OFN84_delayed_eigen_weight_239_  ( M2 )
Bounds : ( 173.740, 151.225 ) ( 174.020, 151.950 )


SHORT: Regular Via of Net FE_OFN223_delayed_eigen_weight_27_ & Regular Wire of Net submod_op_centred_pixels[158]  ( M2 )
Bounds : ( 167.580, 196.370 ) ( 167.860, 196.750 )


SHORT: Regular Via of Net mac_inst/csa_tree_add_36_25_I16/FE_OFN73_delayed_eigen_weight_250_ & Regular Wire of Net mac_inst/csa_tree_add_36_25_I16/FE_OFN1_submod_op_centred_pixels_157_  ( M2 )
Bounds : ( 169.260, 151.570 ) ( 169.540, 151.950 )


SHORT: Regular Wire of Net mac_inst/csa_tree_add_36_25_I16/FE_OFN2_submod_op_centred_pixels_155_ & Regular Wire of Net mac_inst/csa_tree_add_36_25_I16/FE_OFN71_delayed_eigen_weight_252_  ( M2 )
Bounds : ( 186.060, 224.420 ) ( 186.340, 224.700 )


SHORT: Regular Via of Net FE_OFN84_delayed_eigen_weight_239_ & Regular Wire of Net mac_inst/csa_tree_add_36_25_I16/FE_OFN7_submod_op_centred_pixels_147_  ( M2 )
Bounds : ( 171.500, 180.130 ) ( 171.780, 180.510 )


SHORT: Regular Via of Net mac_inst/csa_tree_add_36_25_I16/FE_OFN72_delayed_eigen_weight_251_ & Regular Wire of Net mac_inst/csa_tree_add_36_25_I16/FE_OFN25_submod_op_centred_pixels_98_  ( M2 )
Bounds : ( 172.620, 151.570 ) ( 172.900, 151.950 )


SHORT: Regular Via of Net mac_inst/csa_tree_add_36_25_I16/FE_OFN26_submod_op_centred_pixels_97_ & Regular Wire of Net FE_OFN138_delayed_eigen_weight_154_  ( M2 )
Bounds : ( 175.420, 156.825 ) ( 175.700, 157.550 )


SHORT: Regular Via of Net mac_inst/csa_tree_add_36_25_I16/FE_OFN34_submod_op_centred_pixels_85_ & Regular Wire of Net FE_OFN237_delayed_eigen_weight_12_  ( M2 )
Bounds : ( 135.660, 162.425 ) ( 135.940, 163.150 )


SHORT: Regular Via of Net mac_inst/csa_tree_add_36_25_I16/FE_OFN35_submod_op_centred_pixels_84_ & Regular Wire of Net FE_OFN150_delayed_eigen_weight_142_  ( M2 )
Bounds : ( 141.260, 173.625 ) ( 141.540, 174.350 )


SHORT: Regular Via of Net FE_OFN151_delayed_eigen_weight_141_ & Regular Wire of Net mac_inst/csa_tree_add_36_25_I16/FE_OFN49_submod_op_centred_pixels_28_  ( M2 )
Bounds : ( 155.260, 190.425 ) ( 155.540, 191.150 )


SHORT: Regular Via of Net mac_inst/csa_tree_add_36_25_I16/FE_OFN63_submod_op_centred_pixels_8_ & Regular Wire of Net FE_OFN239_delayed_eigen_weight_10_  ( M2 )
Bounds : ( 117.130, 174.020 ) ( 117.460, 174.300 )


SHORT: Regular Via of Net FE_OFN239_delayed_eigen_weight_10_ & Regular Wire of Net mac_inst/csa_tree_add_36_25_I16/FE_OFN63_submod_op_centred_pixels_8_  ( M2 )
Bounds : ( 117.180, 173.970 ) ( 117.460, 174.300 )


SHORT: Regular Via of Net mac_inst/csa_tree_add_36_25_I16/FE_OFN71_delayed_eigen_weight_252_ & Regular Wire of Net FE_OFN206_delayed_eigen_weight_44_  ( M2 )
Bounds : ( 190.540, 151.225 ) ( 190.820, 151.950 )


SHORT: Regular Via of Net FE_OFN107_delayed_eigen_weight_205_ & Regular Wire of Net FE_OFN234_delayed_eigen_weight_15_  ( M2 )
Bounds : ( 159.740, 168.025 ) ( 160.020, 168.750 )


SHORT: Regular Via of Net FE_OFN152_delayed_eigen_weight_140_ & Regular Wire of Net FE_OFN110_delayed_eigen_weight_202_  ( M2 )
Bounds : ( 132.860, 224.420 ) ( 133.140, 224.750 )


SHORT: Regular Via of Net FE_OFN110_delayed_eigen_weight_202_ & Regular Wire of Net FE_OFN152_delayed_eigen_weight_140_  ( M2 )
Bounds : ( 132.860, 224.420 ) ( 133.190, 224.700 )


SHORT: Regular Via of Net submod_op_centred_pixels[110] & Regular Wire of Net mac_inst/csa_tree_add_36_25_I16/FE_OFN39_submod_op_centred_pixels_76_  ( M2 )
Bounds : ( 46.620, 307.810 ) ( 46.900, 308.190 )


SHORT: Regular Via of Net mac_inst/csa_tree_add_36_25_I16/FE_OFN13_submod_op_centred_pixels_130_ & Regular Wire of Net submod_op_centred_pixels[111]  ( M2 )
Bounds : ( 53.340, 303.330 ) ( 53.620, 303.710 )


SHORT: Regular Via of Net FE_OFN101_delayed_eigen_weight_221_ & Regular Wire of Net submod_op_centred_pixels[115]  ( M2 )
Bounds : ( 35.980, 241.170 ) ( 36.260, 241.550 )


SHORT: Regular Via of Net submod_op_centred_pixels[119] & Regular Wire of Net submod_op_centred_pixels[134]  ( M2 )
Bounds : ( 41.580, 236.130 ) ( 41.860, 236.510 )


SHORT: Regular Via of Net FE_OFN111_delayed_eigen_weight_201_ & Regular Wire of Net submod_op_centred_pixels[129]  ( M2 )
Bounds : ( 72.380, 235.620 ) ( 72.660, 235.900 )


SHORT: Regular Via of Net mac_inst/csa_tree_add_36_25_I16/FE_OFN102_delayed_eigen_weight_220_ & Regular Wire of Net submod_op_centred_pixels[134]  ( M2 )
Bounds : ( 41.580, 308.370 ) ( 41.860, 308.750 )


SHORT: Regular Via of Net submod_op_centred_pixels[141] & Regular Wire of Net submod_op_centred_pixels[134]  ( M2 )
Bounds : ( 41.580, 274.210 ) ( 41.860, 274.590 )


SHORT: Regular Via of Net submod_op_centred_pixels[134] & Regular Wire of Net mac_inst/csa_tree_add_36_25_I16/FE_OFN48_submod_op_centred_pixels_66_  ( M2 )
Bounds : ( 40.460, 308.370 ) ( 40.740, 308.750 )


SHORT: Regular Wire of Net submod_op_centred_pixels[134] & Regular Wire of Net mac_inst/csa_tree_add_36_25_I16/FE_OFN102_delayed_eigen_weight_220_  ( M2 )
Bounds : ( 41.020, 308.420 ) ( 41.860, 308.700 )


SHORT: Regular Wire of Net submod_op_centred_pixels[153] & Regular Wire of Net mac_inst/csa_tree_add_36_25_I16/FE_OFN124_delayed_eigen_weight_188_  ( M2 )
Bounds : ( 33.180, 231.140 ) ( 33.460, 231.420 )


SHORT: Regular Via of Net FE_OFN166_delayed_eigen_weight_126_ & Regular Wire of Net submod_op_centred_pixels[154]  ( M2 )
Bounds : ( 60.060, 297.170 ) ( 60.340, 297.550 )


SHORT: Regular Via of Net mac_inst/csa_tree_add_36_25_I16/FE_OFN225_delayed_eigen_weight_25_ & Regular Wire of Net mac_inst/csa_tree_add_36_25_I16/FE_OFN0_submod_op_centred_pixels_159_  ( M2 )
Bounds : ( 63.980, 257.625 ) ( 64.260, 258.350 )


SHORT: Regular Via of Net mac_inst/csa_tree_add_36_25_I16/FE_OFN5_submod_op_centred_pixels_149_ & Regular Wire of Net FE_OFN68_delayed_eigen_weight_255_  ( M2 )
Bounds : ( 61.740, 240.825 ) ( 62.020, 241.550 )


SHORT: Regular Wire of Net mac_inst/csa_tree_add_36_25_I16/FE_OFN11_submod_op_centred_pixels_132_ & Regular Wire of Net mac_inst/csa_tree_add_36_25_I16/FE_OFN124_delayed_eigen_weight_188_  ( M2 )
Bounds : ( 33.180, 269.220 ) ( 33.460, 269.500 )


SHORT: Regular Via of Net FE_OFN99_delayed_eigen_weight_223_ & Regular Wire of Net mac_inst/csa_tree_add_36_25_I16/FE_OFN13_submod_op_centred_pixels_130_  ( M2 )
Bounds : ( 52.220, 303.380 ) ( 52.500, 303.710 )


SHORT: Regular Via of Net FE_OFN85_delayed_eigen_weight_238_ & Regular Wire of Net FE_OFN22_submod_op_centred_pixels_113_  ( M2 )
Bounds : ( 48.860, 308.370 ) ( 49.140, 308.750 )


SHORT: Regular Via of Net FE_OFN170_delayed_eigen_weight_122_ & Regular Wire of Net FE_OFN22_submod_op_centred_pixels_113_  ( M2 )
Bounds : ( 48.860, 257.970 ) ( 49.140, 258.350 )


SHORT: Regular Via of Net mac_inst/csa_tree_add_36_25_I16/FE_OFN39_submod_op_centred_pixels_76_ & Regular Wire of Net mac_inst/csa_tree_add_36_25_I16/FE_OFN37_submod_op_centred_pixels_78_  ( M2 )
Bounds : ( 47.740, 257.970 ) ( 48.020, 258.350 )


SHORT: Regular Via of Net FE_OFN169_delayed_eigen_weight_123_ & Regular Wire of Net mac_inst/csa_tree_add_36_25_I16/FE_OFN38_submod_op_centred_pixels_77_  ( M2 )
Bounds : ( 47.180, 246.770 ) ( 47.460, 247.150 )


SHORT: Regular Wire of Net mac_inst/csa_tree_add_36_25_I16/FE_OFN38_submod_op_centred_pixels_77_ & Regular Wire of Net FE_OFN171_delayed_eigen_weight_121_  ( M2 )
Bounds : ( 46.060, 258.020 ) ( 47.460, 258.300 )


SHORT: Regular Wire of Net mac_inst/csa_tree_add_36_25_I16/FE_OFN39_submod_op_centred_pixels_76_ & Regular Wire of Net mac_inst/csa_tree_add_36_25_I16/FE_OFN40_submod_op_centred_pixels_75_  ( M2 )
Bounds : ( 49.420, 246.820 ) ( 49.700, 247.100 )


SHORT: Regular Via of Net FE_OFN171_delayed_eigen_weight_121_ & Regular Wire of Net mac_inst/csa_tree_add_36_25_I16/FE_OFN39_submod_op_centred_pixels_76_  ( M2 )
Bounds : ( 46.620, 257.970 ) ( 46.900, 258.350 )


SHORT: Regular Via of Net FE_OFN167_delayed_eigen_weight_125_ & Regular Wire of Net mac_inst/csa_tree_add_36_25_I16/FE_OFN40_submod_op_centred_pixels_75_  ( M2 )
Bounds : ( 50.540, 302.770 ) ( 50.820, 303.150 )


SHORT: Regular Wire of Net mac_inst/csa_tree_add_36_25_I16/FE_OFN40_submod_op_centred_pixels_75_ & Regular Wire of Net FE_OFN167_delayed_eigen_weight_125_  ( M2 )
Bounds : ( 49.980, 246.820 ) ( 50.260, 247.100 )


SHORT: Regular Via of Net mac_inst/csa_tree_add_36_25_I16/FE_OFN71_delayed_eigen_weight_252_ & Regular Wire of Net mac_inst/csa_tree_add_36_25_I16/FE_OFN41_submod_op_centred_pixels_74_  ( M2 )
Bounds : ( 54.460, 241.170 ) ( 54.740, 241.550 )


SHORT: Regular Via of Net mac_inst/csa_tree_add_36_25_I16/FE_OFN226_delayed_eigen_weight_24_ & Regular Wire of Net mac_inst/csa_tree_add_36_25_I16/FE_OFN42_submod_op_centred_pixels_73_  ( M2 )
Bounds : ( 53.900, 302.770 ) ( 54.180, 303.150 )


SHORT: Regular Via of Net mac_inst/csa_tree_add_36_25_I16/FE_OFN55_submod_op_centred_pixels_16_ & Regular Wire of Net mac_inst/csa_tree_add_36_25_I16/FE_OFN44_submod_op_centred_pixels_71_  ( M2 )
Bounds : ( 63.980, 296.825 ) ( 64.260, 297.550 )


SHORT: Regular Via of Net FE_OFN84_delayed_eigen_weight_239_ & Regular Wire of Net mac_inst/csa_tree_add_36_25_I16/FE_OFN48_submod_op_centred_pixels_66_  ( M2 )
Bounds : ( 40.460, 274.210 ) ( 40.740, 274.590 )


SHORT: Regular Via of Net FE_OFN166_delayed_eigen_weight_126_ & Regular Wire of Net mac_inst/csa_tree_add_36_25_I16/FE_OFN72_delayed_eigen_weight_251_  ( M2 )
Bounds : ( 60.620, 297.220 ) ( 60.900, 297.500 )


SHORT: Regular Via of Net FE_OFN220_delayed_eigen_weight_30_ & Regular Wire of Net submod_op_centred_pixels[127]  ( M2 )
Bounds : ( 111.580, 297.170 ) ( 111.860, 297.550 )


SHORT: Regular Wire of Net submod_op_centred_pixels[135] & Regular Wire of Net mac_inst/csa_tree_add_36_25_I16/FE_OFN103_delayed_eigen_weight_219_  ( M2 )
Bounds : ( 108.220, 308.420 ) ( 108.500, 308.700 )


SHORT: Regular Wire of Net submod_op_centred_pixels[135] & Regular Wire of Net FE_OFN219_delayed_eigen_weight_31_  ( M2 )
Bounds : ( 108.220, 296.660 ) ( 108.500, 296.940 )


SHORT: Regular Via of Net FE_OFN111_delayed_eigen_weight_201_ & Regular Wire of Net submod_op_centred_pixels[135]  ( M2 )
Bounds : ( 108.220, 235.225 ) ( 108.500, 235.950 )


SHORT: Regular Via of Net mac_inst/csa_tree_add_36_25_I16/FE_OFN15_submod_op_centred_pixels_128_ & Regular Wire of Net FE_OFN219_delayed_eigen_weight_31_  ( M2 )
Bounds : ( 109.340, 235.570 ) ( 109.620, 235.950 )


SHORT: Regular Via of Net mac_inst/csa_tree_add_36_25_I16/FE_OFN155_delayed_eigen_weight_137_ & Regular Wire of Net mac_inst/csa_tree_add_36_25_I16/FE_OFN32_submod_op_centred_pixels_87_  ( M2 )
Bounds : ( 85.820, 285.625 ) ( 86.100, 286.350 )


SHORT: Regular Via of Net submod_op_centred_pixels[110] & Regular Wire of Net mac_inst/csa_tree_add_36_25_I16/FE_OFN185_delayed_eigen_weight_107_  ( M2 )
Bounds : ( 58.940, 313.970 ) ( 59.220, 314.350 )


SHORT: Regular Via of Net FE_OFN122_delayed_eigen_weight_190_ & Regular Wire of Net submod_op_centred_pixels[110]  ( M2 )
Bounds : ( 57.820, 314.020 ) ( 58.100, 314.300 )


SHORT: Regular Via of Net FE_OFN171_delayed_eigen_weight_121_ & Regular Wire of Net submod_op_centred_pixels[111]  ( M2 )
Bounds : ( 47.180, 330.425 ) ( 47.460, 331.150 )


SHORT: Regular Via of Net submod_op_centred_pixels[112] & Regular Wire of Net FE_OFN123_delayed_eigen_weight_189_  ( M2 )
Bounds : ( 54.460, 353.170 ) ( 54.740, 353.550 )


SHORT: Regular Wire of Net submod_op_centred_pixels[118] & Regular Wire of Net FE_OFN187_delayed_eigen_weight_105_  ( M2 )
Bounds : ( 41.020, 385.700 ) ( 41.300, 385.980 )


SHORT: Regular Wire of Net submod_op_centred_pixels[118] & Regular Wire of Net submod_op_centred_pixels[134]  ( M2 )
Bounds : ( 41.580, 385.700 ) ( 41.860, 385.980 )


SHORT: Regular Via of Net mac_inst/csa_tree_add_36_25_I16/FE_OFN46_submod_op_centred_pixels_68_ & Regular Wire of Net submod_op_centred_pixels[134]  ( M2 )
Bounds : ( 41.580, 381.170 ) ( 41.860, 381.550 )


SHORT: Regular Via of Net FE_OFN187_delayed_eigen_weight_105_ & Regular Wire of Net submod_op_centred_pixels[134]  ( M2 )
Bounds : ( 41.580, 364.370 ) ( 41.860, 364.750 )


SHORT: Regular Via of Net mac_inst/csa_tree_add_36_25_I16/FE_OFN39_submod_op_centred_pixels_76_ & Regular Wire of Net submod_op_centred_pixels[140]  ( M2 )
Bounds : ( 46.060, 330.770 ) ( 46.340, 331.150 )


SHORT: Regular Via of Net FE_OFN100_delayed_eigen_weight_222_ & Regular Wire of Net submod_op_centred_pixels[152]  ( M2 )
Bounds : ( 52.780, 392.370 ) ( 53.060, 392.750 )


SHORT: Regular Via of Net submod_op_centred_pixels[152] & Regular Wire of Net FE_OFN100_delayed_eigen_weight_222_  ( M2 )
Bounds : ( 53.340, 386.770 ) ( 53.620, 387.150 )


SHORT: Regular Via of Net mac_inst/csa_tree_add_36_25_I16/FE_OFN73_delayed_eigen_weight_250_ & Regular Wire of Net submod_op_centred_pixels[154]  ( M2 )
Bounds : ( 60.060, 381.170 ) ( 60.340, 381.550 )


SHORT: Regular Wire of Net mac_inst/csa_tree_add_36_25_I16/FE_OFN2_submod_op_centred_pixels_155_ & Regular Wire of Net mac_inst/csa_tree_add_36_25_I16/FE_OFN185_delayed_eigen_weight_107_  ( M2 )
Bounds : ( 58.380, 381.220 ) ( 59.220, 381.500 )


SHORT: Regular Via of Net mac_inst/csa_tree_add_36_25_I16/FE_OFN2_submod_op_centred_pixels_155_ & Regular Wire of Net mac_inst/csa_tree_add_36_25_I16/FE_OFN185_delayed_eigen_weight_107_  ( M2 )
Bounds : ( 58.940, 381.170 ) ( 59.220, 381.550 )


SHORT: Regular Wire of Net mac_inst/csa_tree_add_36_25_I16/FE_OFN5_submod_op_centred_pixels_149_ & Regular Wire of Net mac_inst/csa_tree_add_36_25_I16/FE_OFN92_delayed_eigen_weight_231_  ( M2 )
Bounds : ( 62.860, 314.580 ) ( 64.260, 314.860 )


SHORT: Regular Via of Net mac_inst/csa_tree_add_36_25_I16/FE_OFN5_submod_op_centred_pixels_149_ & Regular Wire of Net mac_inst/csa_tree_add_36_25_I16/FE_OFN44_submod_op_centred_pixels_71_  ( M2 )
Bounds : ( 63.980, 314.530 ) ( 64.260, 314.910 )


SHORT: Regular Via of Net mac_inst/csa_tree_add_36_25_I16/FE_OFN13_submod_op_centred_pixels_130_ & Regular Wire of Net mac_inst/csa_tree_add_36_25_I16/FE_OFN42_submod_op_centred_pixels_73_  ( M2 )
Bounds : ( 53.900, 392.025 ) ( 54.180, 392.750 )


SHORT: Regular Via of Net mac_inst/csa_tree_add_36_25_I16/FE_OFN41_submod_op_centred_pixels_74_ & Regular Wire of Net mac_inst/csa_tree_add_36_25_I16/FE_OFN13_submod_op_centred_pixels_130_  ( M2 )
Bounds : ( 52.220, 353.170 ) ( 52.500, 353.550 )


SHORT: Regular Via of Net mac_inst/csa_tree_add_36_25_I16/FE_OFN40_submod_op_centred_pixels_75_ & Regular Wire of Net FE_OFN22_submod_op_centred_pixels_113_  ( M2 )
Bounds : ( 48.860, 347.570 ) ( 49.140, 347.950 )


SHORT: Regular Via of Net mac_inst/csa_tree_add_36_25_I16/FE_OFN47_submod_op_centred_pixels_67_ & Regular Wire of Net mac_inst/csa_tree_add_36_25_I16/FE_OFN37_submod_op_centred_pixels_78_  ( M2 )
Bounds : ( 43.820, 381.170 ) ( 44.100, 381.550 )


SHORT: Regular Via of Net mac_inst/csa_tree_add_36_25_I16/FE_OFN124_delayed_eigen_weight_188_ & Regular Wire of Net mac_inst/csa_tree_add_36_25_I16/FE_OFN37_submod_op_centred_pixels_78_  ( M2 )
Bounds : ( 43.820, 341.970 ) ( 44.100, 342.350 )


SHORT: Regular Wire of Net mac_inst/csa_tree_add_36_25_I16/FE_OFN37_submod_op_centred_pixels_78_ & Regular Wire of Net FE_OFN84_delayed_eigen_weight_239_  ( M2 )
Bounds : ( 43.820, 314.580 ) ( 44.100, 314.860 )


SHORT: Regular Via of Net FE_OFN85_delayed_eigen_weight_238_ & Regular Wire of Net mac_inst/csa_tree_add_36_25_I16/FE_OFN39_submod_op_centred_pixels_76_  ( M2 )
Bounds : ( 46.620, 319.225 ) ( 46.900, 319.950 )


SHORT: Regular Wire of Net mac_inst/csa_tree_add_36_25_I16/FE_OFN40_submod_op_centred_pixels_75_ & Regular Wire of Net FE_OFN171_delayed_eigen_weight_121_  ( M2 )
Bounds : ( 49.420, 347.620 ) ( 49.700, 347.900 )


SHORT: Regular Via of Net FE_OFN170_delayed_eigen_weight_122_ & Regular Wire of Net mac_inst/csa_tree_add_36_25_I16/FE_OFN40_submod_op_centred_pixels_75_  ( M2 )
Bounds : ( 49.980, 347.620 ) ( 50.260, 347.900 )


SHORT: Regular Wire of Net mac_inst/csa_tree_add_36_25_I16/FE_OFN47_submod_op_centred_pixels_67_ & Regular Wire of Net FE_OFN189_delayed_eigen_weight_103_  ( M2 )
Bounds : ( 43.260, 381.220 ) ( 44.100, 381.500 )


SHORT: Regular Wire of Net mac_inst/csa_tree_add_36_25_I16/FE_OFN47_submod_op_centred_pixels_67_ & Regular Wire of Net FE_OFN128_delayed_eigen_weight_184_  ( M2 )
Bounds : ( 37.100, 342.020 ) ( 37.380, 346.780 )


SHORT: Regular Wire of Net FE_OFN100_delayed_eigen_weight_222_ & Regular Wire of Net mac_inst/csa_tree_add_36_25_I16/FE_OFN124_delayed_eigen_weight_188_  ( M2 )
Bounds : ( 44.380, 342.020 ) ( 44.660, 342.300 )


SHORT: Regular Via of Net mac_inst/csa_tree_add_36_25_I16/FE_OFN103_delayed_eigen_weight_219_ & Regular Wire of Net FE_OFN189_delayed_eigen_weight_103_  ( M2 )
Bounds : ( 44.380, 386.425 ) ( 44.660, 387.150 )


SHORT: Regular Wire of Net submod_op_centred_pixels[88] & Regular Wire of Net FE_OFN129_delayed_eigen_weight_183_  ( M2 )
Bounds : ( 97.580, 381.220 ) ( 97.860, 381.500 )


SHORT: Regular Via of Net mac_inst/csa_tree_add_36_25_I16/FE_OFN33_submod_op_centred_pixels_86_ & Regular Wire of Net submod_op_centred_pixels[127]  ( M2 )
Bounds : ( 111.580, 341.970 ) ( 111.860, 342.350 )


SHORT: Regular Wire of Net submod_op_centred_pixels[129] & Regular Wire of Net mac_inst/csa_tree_add_36_25_I16/FE_OFN114_delayed_eigen_weight_198_  ( M2 )
Bounds : ( 83.020, 381.170 ) ( 83.300, 381.500 )


SHORT: Regular Via of Net mac_inst/csa_tree_add_36_25_I16/FE_OFN31_submod_op_centred_pixels_88_ & Regular Wire of Net submod_op_centred_pixels[134]  ( M2 )
Bounds : ( 101.500, 382.290 ) ( 101.780, 382.670 )


SHORT: Regular Via of Net mac_inst/csa_tree_add_36_25_I16/FE_OFN5_submod_op_centred_pixels_149_ & Regular Wire of Net mac_inst/csa_tree_add_36_25_I16/FE_OFN47_submod_op_centred_pixels_67_  ( M2 )
Bounds : ( 113.820, 381.170 ) ( 114.100, 381.550 )


SHORT: Regular Wire of Net mac_inst/csa_tree_add_36_25_I16/FE_OFN154_delayed_eigen_weight_138_ & Regular Wire of Net mac_inst/csa_tree_add_36_25_I16/FE_OFN155_delayed_eigen_weight_137_  ( M2 )
Bounds : ( 113.820, 339.780 ) ( 114.100, 341.180 )


SHORT: Regular Via of Net FE_OFN165_delayed_eigen_weight_127_ & Regular Wire of Net mac_inst/csa_tree_add_36_25_I16/FE_OFN302_n_7640  ( M2 )
Bounds : ( 76.300, 336.370 ) ( 76.580, 336.750 )


SHORT: Regular Via of Net mac_inst/csa_tree_add_36_25_I16/FE_OFN49_submod_op_centred_pixels_28_ & Regular Wire of Net mac_inst/csa_tree_add_36_25_I16/FE_OFN266_n_4491  ( M2 )
Bounds : ( 158.620, 296.825 ) ( 158.900, 297.550 )


SHORT: Regular Via of Net FE_OFN149_delayed_eigen_weight_143_ & Regular Wire of Net submod_op_centred_pixels[81]  ( M2 )
Bounds : ( 147.980, 296.660 ) ( 148.820, 296.940 )


SHORT: Regular Via of Net mac_inst/csa_tree_add_36_25_I16/FE_OFN35_submod_op_centred_pixels_84_ & Regular Wire of Net submod_op_centred_pixels[82]  ( M2 )
Bounds : ( 139.580, 308.025 ) ( 139.860, 308.750 )


SHORT: Regular Via of Net FE_OFN149_delayed_eigen_weight_143_ & Regular Wire of Net submod_op_centred_pixels[82]  ( M2 )
Bounds : ( 139.580, 269.780 ) ( 139.860, 270.110 )


SHORT: Regular Via of Net submod_op_centred_pixels[82] & Regular Wire of Net FE_OFN149_delayed_eigen_weight_143_  ( M2 )
Bounds : ( 139.580, 269.780 ) ( 139.910, 270.060 )


SHORT: Regular Via of Net FE_OFN238_delayed_eigen_weight_11_ & Regular Wire of Net submod_op_centred_pixels[126]  ( M2 )
Bounds : ( 130.060, 274.770 ) ( 130.340, 275.150 )


SHORT: Regular Via of Net submod_op_centred_pixels[126] & Regular Wire of Net mac_inst/csa_tree_add_36_25_I16/FE_OFN71_delayed_eigen_weight_252_  ( M2 )
Bounds : ( 131.740, 297.170 ) ( 132.020, 297.550 )


SHORT: Regular Via of Net mac_inst/csa_tree_add_36_25_I16/FE_OFN36_submod_op_centred_pixels_83_ & Regular Wire of Net submod_op_centred_pixels[151]  ( M2 )
Bounds : ( 121.100, 291.225 ) ( 121.380, 291.950 )


SHORT: Regular Wire of Net mac_inst/csa_tree_add_36_25_I16/FE_OFN4_submod_op_centred_pixels_153_ & Regular Wire of Net FE_OFN110_delayed_eigen_weight_202_  ( M2 )
Bounds : ( 132.860, 230.020 ) ( 133.140, 230.300 )


SHORT: Regular Via of Net mac_inst/csa_tree_add_36_25_I16/FE_OFN4_submod_op_centred_pixels_153_ & Regular Wire of Net FE_OFN152_delayed_eigen_weight_140_  ( M2 )
Bounds : ( 133.420, 229.970 ) ( 133.700, 230.350 )


SHORT: Regular Via of Net FE_OFN149_delayed_eigen_weight_143_ & Regular Wire of Net mac_inst/csa_tree_add_36_25_I16/FE_OFN6_submod_op_centred_pixels_148_  ( M2 )
Bounds : ( 147.420, 296.610 ) ( 147.700, 296.990 )


SHORT: Regular Via of Net FE_OFN235_delayed_eigen_weight_14_ & Regular Wire of Net mac_inst/csa_tree_add_36_25_I16/FE_OFN6_submod_op_centred_pixels_148_  ( M2 )
Bounds : ( 147.420, 263.225 ) ( 147.700, 263.950 )


SHORT: Regular Via of Net FE_OFN150_delayed_eigen_weight_142_ & Regular Wire of Net mac_inst/csa_tree_add_36_25_I16/FE_OFN63_submod_op_centred_pixels_8_  ( M2 )
Bounds : ( 136.220, 268.825 ) ( 136.500, 269.550 )


SHORT: Regular Via of Net FE_OFN239_delayed_eigen_weight_10_ & Regular Wire of Net mac_inst/csa_tree_add_36_25_I16/FE_OFN65_submod_op_centred_pixels_6_  ( M2 )
Bounds : ( 128.380, 297.220 ) ( 128.660, 297.500 )


SHORT: Regular Wire of Net mac_inst/csa_tree_add_36_25_I16/FE_OFN65_submod_op_centred_pixels_6_ & Regular Wire of Net FE_OFN69_delayed_eigen_weight_254_  ( M2 )
Bounds : ( 127.820, 297.220 ) ( 128.100, 297.500 )


SHORT: Regular Via of Net FE_OFN234_delayed_eigen_weight_15_ & Regular Wire of Net FE_OFN208_delayed_eigen_weight_42_  ( M2 )
Bounds : ( 157.500, 251.810 ) ( 157.780, 252.190 )


SHORT: Regular Via of Net submod_op_centred_pixels[99] & Regular Wire of Net mac_inst/csa_tree_add_36_25_I16/FE_OFN50_submod_op_centred_pixels_27_  ( M2 )
Bounds : ( 161.980, 229.410 ) ( 162.260, 229.790 )


SHORT: Regular Via of Net submod_op_centred_pixels[158] & Regular Wire of Net submod_op_centred_pixels[99]  ( M2 )
Bounds : ( 168.140, 302.770 ) ( 168.420, 303.150 )


SHORT: Regular Wire of Net submod_op_centred_pixels[99] & Regular Wire of Net submod_op_centred_pixels[158]  ( M2 )
Bounds : ( 167.580, 280.980 ) ( 167.860, 281.260 )


SHORT: Regular Via of Net mac_inst/csa_tree_add_36_25_I16/FE_OFN7_submod_op_centred_pixels_147_ & Regular Wire of Net FE_OFN89_delayed_eigen_weight_234_  ( M2 )
Bounds : ( 164.220, 274.820 ) ( 164.500, 275.100 )


SHORT: Regular Wire of Net mac_inst/csa_tree_add_36_25_I16/FE_OFN8_submod_op_centred_pixels_146_ & Regular Wire of Net mac_inst/csa_tree_add_36_25_I16/FE_OFN19_submod_op_centred_pixels_124_  ( M2 )
Bounds : ( 184.380, 302.820 ) ( 184.660, 303.660 )


SHORT: Regular Via of Net mac_inst/csa_tree_add_36_25_I16/FE_OFN8_submod_op_centred_pixels_146_ & Regular Wire of Net mac_inst/csa_tree_add_36_25_I16/FE_OFN19_submod_op_centred_pixels_124_  ( M2 )
Bounds : ( 184.380, 302.820 ) ( 184.710, 303.100 )


SHORT: Regular Via of Net FE_OFN107_delayed_eigen_weight_205_ & Regular Wire of Net mac_inst/csa_tree_add_36_25_I16/FE_OFN8_submod_op_centred_pixels_146_  ( M2 )
Bounds : ( 197.260, 291.225 ) ( 197.540, 291.950 )


SHORT: Regular Wire of Net mac_inst/csa_tree_add_36_25_I16/FE_OFN25_submod_op_centred_pixels_98_ & Regular Wire of Net FE_OFN209_delayed_eigen_weight_41_  ( M2 )
Bounds : ( 169.820, 292.180 ) ( 170.100, 293.020 )


SHORT: Regular Via of Net mac_inst/csa_tree_add_36_25_I16/FE_OFN49_submod_op_centred_pixels_28_ & Regular Wire of Net mac_inst/csa_tree_add_36_25_I16/FE_OFN50_submod_op_centred_pixels_27_  ( M2 )
Bounds : ( 161.980, 274.770 ) ( 162.260, 275.150 )


SHORT: Regular Wire of Net mac_inst/csa_tree_add_36_25_I16/FE_OFN49_submod_op_centred_pixels_28_ & Regular Wire of Net FE_OFN209_delayed_eigen_weight_41_  ( M2 )
Bounds : ( 160.860, 274.820 ) ( 161.700, 275.100 )


SHORT: Regular Wire of Net FE_OFN75_delayed_eigen_weight_248_ & Regular Wire of Net FE_OFN209_delayed_eigen_weight_41_  ( M2 )
Bounds : ( 169.820, 302.820 ) ( 170.100, 303.100 )


SHORT: Regular Via of Net mac_inst/csa_tree_add_36_25_I16/FE_OFN292_n_6445 & Regular Wire of Net FE_OFN89_delayed_eigen_weight_234_  ( M2 )
Bounds : ( 164.780, 228.850 ) ( 165.060, 229.230 )


SHORT: Regular Wire of Net FE_OFN89_delayed_eigen_weight_234_ & Regular Wire of Net mac_inst/csa_tree_add_36_25_I16/FE_OFN292_n_6445  ( M2 )
Bounds : ( 163.660, 274.820 ) ( 163.940, 275.100 )


SHORT: Regular Wire of Net FE_OFN90_delayed_eigen_weight_233_ & Regular Wire of Net FE_OFN234_delayed_eigen_weight_15_  ( M2 )
Bounds : ( 159.180, 251.860 ) ( 159.460, 252.140 )


SHORT: Regular Wire of Net FE_OFN207_delayed_eigen_weight_43_ & Regular Wire of Net mac_inst/csa_tree_add_36_25_I16/FE_OFN292_n_6445  ( M2 )
Bounds : ( 164.220, 228.900 ) ( 164.500, 229.180 )


SHORT: Regular Via of Net FE_OFN91_delayed_eigen_weight_232_ & Regular Wire of Net mac_inst/csa_tree_add_36_25_I16/FE_OFN266_n_4491  ( M2 )
Bounds : ( 158.620, 375.225 ) ( 158.900, 375.950 )


SHORT: Regular Via of Net mac_inst/csa_tree_add_36_25_I16/FE_OFN92_delayed_eigen_weight_231_ & Regular Wire of Net mac_inst/csa_tree_add_36_25_I16/FE_OFN266_n_4491  ( M2 )
Bounds : ( 158.620, 336.370 ) ( 158.900, 336.750 )


SHORT: Regular Via of Net FE_OFN237_delayed_eigen_weight_12_ & Regular Wire of Net submod_op_centred_pixels[82]  ( M2 )
Bounds : ( 139.580, 353.170 ) ( 139.860, 353.550 )


SHORT: Regular Via of Net submod_op_centred_pixels[82] & Regular Wire of Net FE_OFN151_delayed_eigen_weight_141_  ( M2 )
Bounds : ( 139.020, 364.420 ) ( 139.300, 364.750 )


SHORT: Regular Wire of Net submod_op_centred_pixels[82] & Regular Wire of Net FE_OFN151_delayed_eigen_weight_141_  ( M2 )
Bounds : ( 139.020, 364.420 ) ( 139.860, 364.700 )


SHORT: Regular Via of Net FE_OFN130_delayed_eigen_weight_182_ & Regular Wire of Net submod_op_centred_pixels[119]  ( M2 )
Bounds : ( 133.420, 381.730 ) ( 133.700, 382.110 )


SHORT: Regular Via of Net submod_op_centred_pixels[119] & Regular Wire of Net mac_inst/csa_tree_add_36_25_I16/FE_OFN65_submod_op_centred_pixels_6_  ( M2 )
Bounds : ( 134.540, 381.730 ) ( 134.820, 382.110 )


SHORT: Regular Wire of Net submod_op_centred_pixels[119] & Regular Wire of Net FE_OFN130_delayed_eigen_weight_182_  ( M2 )
Bounds : ( 133.420, 381.780 ) ( 134.260, 382.060 )


SHORT: Regular Via of Net FE_OFN111_delayed_eigen_weight_201_ & Regular Wire of Net submod_op_centred_pixels[126]  ( M2 )
Bounds : ( 130.060, 380.825 ) ( 130.340, 381.550 )


SHORT: Regular Via of Net mac_inst/csa_tree_add_36_25_I16/FE_OFN297_n_6883 & Regular Wire of Net submod_op_centred_pixels[126]  ( M2 )
Bounds : ( 130.060, 315.090 ) ( 130.340, 315.470 )


SHORT: Regular Via of Net submod_op_centred_pixels[126] & Regular Wire of Net mac_inst/csa_tree_add_36_25_I16/FE_OFN71_delayed_eigen_weight_252_  ( M2 )
Bounds : ( 131.180, 381.170 ) ( 131.460, 381.550 )


SHORT: Regular Via of Net FE_OFN152_delayed_eigen_weight_140_ & Regular Wire of Net submod_op_centred_pixels[151]  ( M2 )
Bounds : ( 121.100, 375.570 ) ( 121.380, 375.950 )


SHORT: Regular Via of Net mac_inst/csa_tree_add_36_25_I16/FE_OFN4_submod_op_centred_pixels_153_ & Regular Wire of Net mac_inst/csa_tree_add_36_25_I16/FE_OFN71_delayed_eigen_weight_252_  ( M2 )
Bounds : ( 131.740, 319.225 ) ( 132.020, 319.950 )


SHORT: Regular Via of Net mac_inst/csa_tree_add_36_25_I16/FE_OFN35_submod_op_centred_pixels_84_ & Regular Via of Net mac_inst/csa_tree_add_36_25_I16/FE_OFN154_delayed_eigen_weight_138_  ( M3 )
Bounds : ( 142.330, 387.380 ) ( 142.710, 387.660 )


SHORT: Regular Via of Net mac_inst/csa_tree_add_36_25_I16/FE_OFN64_submod_op_centred_pixels_7_ & Regular Wire of Net FE_OFN241_delayed_eigen_weight_8_  ( M2 )
Bounds : ( 133.420, 347.620 ) ( 133.700, 347.900 )


SHORT: Regular Wire of Net mac_inst/csa_tree_add_36_25_I16/FE_OFN64_submod_op_centred_pixels_7_ & Regular Wire of Net FE_OFN239_delayed_eigen_weight_10_  ( M2 )
Bounds : ( 136.220, 386.820 ) ( 136.500, 387.100 )


SHORT: Regular Via of Net FE_OFN150_delayed_eigen_weight_142_ & Regular Wire of Net mac_inst/csa_tree_add_36_25_I16/FE_OFN307_n_3936  ( M2 )
Bounds : ( 142.940, 353.170 ) ( 143.220, 353.550 )


SHORT: Regular Via of Net FE_OFN151_delayed_eigen_weight_141_ & Regular Wire of Net FE_OFN152_delayed_eigen_weight_140_  ( M2 )
Bounds : ( 140.140, 364.370 ) ( 140.420, 364.750 )


SHORT: Regular Via of Net FE_OFN204_delayed_eigen_weight_46_ & Regular Wire of Net submod_op_centred_pixels[122]  ( M2 )
Bounds : ( 194.460, 381.170 ) ( 194.740, 381.550 )


SHORT: Regular Via of Net FE_OFN139_delayed_eigen_weight_153_ & Regular Wire of Net submod_op_centred_pixels[123]  ( M2 )
Bounds : ( 191.100, 358.770 ) ( 191.380, 359.150 )


SHORT: Regular Via of Net FE_OFN86_delayed_eigen_weight_237_ & Regular Wire of Net submod_op_centred_pixels[142]  ( M2 )
Bounds : ( 186.060, 319.570 ) ( 186.340, 319.950 )


SHORT: Regular Via of Net mac_inst/csa_tree_add_36_25_I16/FE_OFN212_delayed_eigen_weight_38_ & Regular Wire of Net submod_op_centred_pixels[150]  ( M2 )
Bounds : ( 175.980, 370.530 ) ( 176.260, 370.910 )


SHORT: Regular Via of Net FE_OFN141_delayed_eigen_weight_151_ & Regular Wire of Net submod_op_centred_pixels[158]  ( M2 )
Bounds : ( 167.580, 347.570 ) ( 167.860, 347.950 )


SHORT: Regular Via of Net FE_OFN90_delayed_eigen_weight_233_ & Regular Wire of Net mac_inst/csa_tree_add_36_25_I16/FE_OFN8_submod_op_centred_pixels_146_  ( M2 )
Bounds : ( 184.380, 347.570 ) ( 184.660, 347.950 )


SHORT: Regular Via of Net FE_OFN9_submod_op_centred_pixels_145_ & Regular Wire of Net FE_OFN208_delayed_eigen_weight_42_  ( M2 )
Bounds : ( 178.780, 325.170 ) ( 179.060, 325.550 )


SHORT: Regular Wire of Net mac_inst/csa_tree_add_36_25_I16/FE_OFN25_submod_op_centred_pixels_98_ & Regular Wire of Net mac_inst/csa_tree_add_36_25_I16/FE_OFN35_submod_op_centred_pixels_84_  ( M2 )
Bounds : ( 166.460, 387.380 ) ( 166.740, 391.580 )


SHORT: Regular Via of Net mac_inst/csa_tree_add_36_25_I16/FE_OFN210_delayed_eigen_weight_40_ & Regular Wire of Net mac_inst/csa_tree_add_36_25_I16/FE_OFN26_submod_op_centred_pixels_97_  ( M2 )
Bounds : ( 163.100, 352.825 ) ( 163.380, 353.550 )


SHORT: Regular Via of Net FE_OFN205_delayed_eigen_weight_45_ & Regular Wire of Net mac_inst/csa_tree_add_36_25_I16/FE_OFN27_submod_op_centred_pixels_96_  ( M2 )
Bounds : ( 193.340, 358.425 ) ( 193.620, 359.150 )


SHORT: Regular Via of Net mac_inst/csa_tree_add_36_25_I16/FE_OFN27_submod_op_centred_pixels_96_ & Regular Wire of Net FE_OFN139_delayed_eigen_weight_153_  ( M2 )
Bounds : ( 192.220, 358.820 ) ( 192.500, 359.150 )


SHORT: Regular Via of Net mac_inst/csa_tree_add_36_25_I16/FE_OFN211_delayed_eigen_weight_39_ & Regular Wire of Net mac_inst/csa_tree_add_36_25_I16/FE_OFN92_delayed_eigen_weight_231_  ( M2 )
Bounds : ( 164.780, 347.570 ) ( 165.060, 347.950 )


SHORT: Regular Via of Net FE_OFN208_delayed_eigen_weight_42_ & Regular Wire of Net FE_OFN209_delayed_eigen_weight_41_  ( M2 )
Bounds : ( 169.820, 364.025 ) ( 170.100, 364.750 )


SHORT: Regular Via of Net mac_inst/csa_tree_add_36_25_I16/FE_OFN37_submod_op_centred_pixels_78_ & Regular Wire of Net submod_op_centred_pixels[103]  ( M2 )
Bounds : ( 272.860, 213.170 ) ( 273.140, 213.550 )


SHORT: Regular Via of Net FE_OFN100_delayed_eigen_weight_222_ & Regular Wire of Net submod_op_centred_pixels[103]  ( M2 )
Bounds : ( 272.860, 201.625 ) ( 273.140, 202.350 )


SHORT: Regular Via of Net submod_op_centred_pixels[117] & Regular Wire of Net FE_OFN137_delayed_eigen_weight_158_  ( M2 )
Bounds : ( 226.940, 201.625 ) ( 227.220, 202.350 )


SHORT: Regular Via of Net FE_OFN165_delayed_eigen_weight_127_ & Regular Wire of Net submod_op_centred_pixels[117]  ( M2 )
Bounds : ( 233.100, 84.370 ) ( 233.380, 84.750 )


SHORT: Regular Wire of Net submod_op_centred_pixels[123] & Regular Wire of Net mac_inst/csa_tree_add_36_25_I16/FE_OFN38_submod_op_centred_pixels_77_  ( M2 )
Bounds : ( 239.260, 168.980 ) ( 239.540, 169.260 )


SHORT: Regular Wire of Net submod_op_centred_pixels[134] & Regular Wire of Net FE_OFN87_delayed_eigen_weight_236_  ( M2 )
Bounds : ( 225.260, 207.620 ) ( 225.540, 207.900 )


SHORT: Regular Via of Net submod_op_centred_pixels[137] & Regular Wire of Net mac_inst/csa_tree_add_36_25_I16/FE_OFN37_submod_op_centred_pixels_78_  ( M2 )
Bounds : ( 273.980, 190.770 ) ( 274.260, 191.150 )


SHORT: Regular Wire of Net submod_op_centred_pixels[137] & Regular Wire of Net mac_inst/csa_tree_add_36_25_I16/FE_OFN102_delayed_eigen_weight_220_  ( M2 )
Bounds : ( 217.980, 151.620 ) ( 218.260, 151.900 )


SHORT: Regular Via of Net FE_OFN171_delayed_eigen_weight_121_ & Regular Wire of Net submod_op_centred_pixels[142]  ( M2 )
Bounds : ( 271.740, 213.170 ) ( 272.020, 213.550 )


SHORT: Regular Via of Net submod_op_centred_pixels[142] & Regular Wire of Net mac_inst/csa_tree_add_36_25_I16/FE_OFN10_submod_op_centred_pixels_133_  ( M2 )
Bounds : ( 270.620, 202.530 ) ( 270.900, 202.910 )


SHORT: Regular Via of Net submod_op_centred_pixels[147] & Regular Wire of Net FE_OFN168_delayed_eigen_weight_124_  ( M3 )
Bounds : ( 215.690, 98.420 ) ( 218.870, 98.700 )


SHORT: Regular Wire of Net stream_eigen_weight[59] & Regular Wire of Net FE_OFN254_n_1  ( M2 )
Bounds : ( 205.660, 83.300 ) ( 205.940, 83.580 )


SHORT: Regular Via of Net clk & Regular Wire of Net mac_inst/csa_tree_add_36_25_I16/FE_OFN62_submod_op_centred_pixels_9_  ( M2 )
Bounds : ( 220.780, 89.625 ) ( 221.060, 90.350 )


SHORT: Regular Wire of Net FE_OFN9_submod_op_centred_pixels_145_ & Regular Wire of Net FE_OFN126_delayed_eigen_weight_186_  ( M3 )
Bounds : ( 214.570, 199.780 ) ( 226.150, 200.060 )


SHORT: Regular Wire of Net mac_inst/csa_tree_add_36_25_I16/FE_OFN38_submod_op_centred_pixels_77_ & Regular Wire of Net FE_OFN170_delayed_eigen_weight_122_  ( M2 )
Bounds : ( 239.820, 190.820 ) ( 240.100, 191.100 )


SHORT: Regular Via of Net mac_inst/csa_tree_add_36_25_I16/FE_OFN125_delayed_eigen_weight_187_ & Regular Wire of Net mac_inst/csa_tree_add_36_25_I16/FE_OFN46_submod_op_centred_pixels_68_  ( M2 )
Bounds : ( 258.300, 224.370 ) ( 258.580, 224.750 )


SHORT: Regular Via of Net submod_op_centred_pixels[97] & Regular Wire of Net stream_eigen_weight[87]  ( M2 )
Bounds : ( 364.140, 101.170 ) ( 364.420, 101.550 )


SHORT: Regular Wire of Net submod_op_centred_pixels[105] & Regular Wire of Net mac_inst/csa_tree_add_36_25_I16/FE_OFN8_submod_op_centred_pixels_146_  ( M2 )
Bounds : ( 293.580, 179.620 ) ( 293.860, 179.900 )


SHORT: Regular Via of Net submod_op_centred_pixels[107] & Regular Wire of Net mac_inst/csa_tree_add_36_25_I16/FE_OFN310_n_5316  ( M2 )
Bounds : ( 312.620, 140.370 ) ( 312.900, 140.750 )


SHORT: Regular Wire of Net submod_op_centred_pixels[107] & Regular Wire of Net stream_eigen_weight[172]  ( M2 )
Bounds : ( 360.220, 135.380 ) ( 360.500, 135.660 )


SHORT: Regular Wire of Net submod_op_centred_pixels[108] & Regular Wire of Net clk  ( M2 )
Bounds : ( 326.620, 162.820 ) ( 326.900, 163.100 )


SHORT: Regular Via of Net submod_op_centred_pixels[109] & Regular Wire of Net stream_eigen_weight[88]  ( M2 )
Bounds : ( 364.700, 190.425 ) ( 364.980, 191.150 )


SHORT: Regular Via of Net stream_eigen_weight[168] & Regular Wire of Net submod_op_centred_pixels[109]  ( M2 )
Bounds : ( 355.740, 207.570 ) ( 356.020, 207.950 )


SHORT: Regular Wire of Net submod_op_centred_pixels[138] & Regular Wire of Net submod_op_centred_pixels[139]  ( M2 )
Bounds : ( 299.180, 146.580 ) ( 299.460, 146.860 )


SHORT: Regular Via of Net mac_inst/csa_tree_add_36_25_I16/FE_OFN102_delayed_eigen_weight_220_ & Regular Wire of Net submod_op_centred_pixels[139]  ( M2 )
Bounds : ( 299.740, 146.185 ) ( 300.020, 146.910 )


SHORT: Regular Wire of Net submod_op_centred_pixels[139] & Regular Wire of Net FE_OFN106_delayed_eigen_weight_216_  ( M2 )
Bounds : ( 295.260, 213.780 ) ( 296.100, 214.060 )


SHORT: Regular Via of Net submod_op_centred_pixels[158] & Regular Wire of Net FE_OFN68_delayed_eigen_weight_255_  ( M2 )
Bounds : ( 349.020, 62.020 ) ( 349.300, 62.300 )


SHORT: Regular Via of Net mac_inst/csa_tree_add_36_25_I16/FE_OFN32_submod_op_centred_pixels_87_ & Regular Wire of Net stream_eigen_weight[61]  ( M2 )
Bounds : ( 326.620, 68.345 ) ( 326.900, 69.070 )


SHORT: Regular Wire of Net stream_eigen_weight[71] & Regular Wire of Net FE_OFN121_delayed_eigen_weight_191_  ( M2 )
Bounds : ( 368.620, 118.020 ) ( 368.900, 118.300 )


SHORT: Regular Via of Net FE_OFN137_delayed_eigen_weight_158_ & Regular Wire of Net stream_eigen_weight[74]  ( M2 )
Bounds : ( 367.500, 78.770 ) ( 367.780, 79.150 )


SHORT: Regular Wire of Net stream_eigen_weight[87] & Regular Wire of Net FE_OFN260_n_1  ( M2 )
Bounds : ( 364.140, 172.900 ) ( 364.420, 173.180 )


SHORT: Regular Via of Net FE_OFN260_n_1 & Regular Wire of Net stream_eigen_weight[88]  ( M2 )
Bounds : ( 364.700, 172.850 ) ( 364.980, 173.230 )


SHORT: Regular Via of Net FE_OFN260_n_1 & Regular Wire of Net stream_eigen_weight[169]  ( M2 )
Bounds : ( 362.460, 147.090 ) ( 362.740, 147.470 )


SHORT: Regular Via of Net clk & Regular Wire of Net stream_eigen_weight[170]  ( M2 )
Bounds : ( 346.170, 185.220 ) ( 346.500, 185.500 )


SHORT: Regular Via of Net stream_eigen_weight[170] & Regular Wire of Net clk  ( M2 )
Bounds : ( 346.220, 185.170 ) ( 346.500, 185.500 )


SHORT: Regular Via of Net stream_eigen_weight[172] & Regular Wire of Net FE_OFN260_n_1  ( M2 )
Bounds : ( 361.340, 157.170 ) ( 361.620, 157.550 )


SHORT: Regular Via of Net mac_inst/csa_tree_add_36_25_I16/FE_OFN47_submod_op_centred_pixels_67_ & Regular Wire of Net stream_eigen_weight[202]  ( M2 )
Bounds : ( 348.460, 117.410 ) ( 348.740, 117.790 )


SHORT: Regular Wire of Net stream_eigen_weight[202] & Regular Wire of Net FE_OFN68_delayed_eigen_weight_255_  ( M2 )
Bounds : ( 348.460, 62.020 ) ( 348.740, 62.300 )


SHORT: Regular Via of Net mac_inst/csa_tree_add_36_25_I16/FE_OFN6_submod_op_centred_pixels_148_ & Regular Wire of Net FE_OFN85_delayed_eigen_weight_238_  ( M2 )
Bounds : ( 343.980, 89.970 ) ( 344.260, 90.350 )


SHORT: Regular Wire of Net mac_inst/csa_tree_add_36_25_I16/FE_OFN6_submod_op_centred_pixels_148_ & Regular Wire of Net FE_OFN85_delayed_eigen_weight_238_  ( M2 )
Bounds : ( 343.420, 90.020 ) ( 344.260, 90.300 )


SHORT: Regular Wire of Net mac_inst/csa_tree_add_36_25_I16/FE_OFN8_submod_op_centred_pixels_146_ & Regular Wire of Net FE_OFN86_delayed_eigen_weight_237_  ( M2 )
Bounds : ( 293.020, 179.620 ) ( 293.300, 179.900 )


SHORT: Regular Via of Net FE_OFN234_delayed_eigen_weight_15_ & Regular Wire of Net mac_inst/csa_tree_add_36_25_I16/FE_OFN310_n_5316  ( M2 )
Bounds : ( 312.620, 72.610 ) ( 312.900, 72.990 )


SHORT: Regular Via of Net submod_op_centred_pixels[156] & Regular Wire of Net submod_op_centred_pixels[93]  ( M2 )
Bounds : ( 206.780, 296.825 ) ( 207.060, 297.550 )


SHORT: Regular Via of Net submod_op_centred_pixels[119] & Regular Wire of Net submod_op_centred_pixels[102]  ( M2 )
Bounds : ( 266.700, 280.930 ) ( 266.980, 281.310 )


SHORT: Regular Via of Net FE_OFN105_delayed_eigen_weight_217_ & Regular Wire of Net submod_op_centred_pixels[103]  ( M2 )
Bounds : ( 272.860, 263.225 ) ( 273.140, 263.950 )


SHORT: Regular Via of Net submod_op_centred_pixels[104] & Regular Wire of Net mac_inst/csa_tree_add_36_25_I16/FE_OFN10_submod_op_centred_pixels_133_  ( M2 )
Bounds : ( 270.620, 241.170 ) ( 270.900, 241.550 )


SHORT: Regular Via of Net FE_OFN167_delayed_eigen_weight_125_ & Regular Wire of Net submod_op_centred_pixels[118]  ( M2 )
Bounds : ( 237.580, 235.570 ) ( 237.860, 235.900 )


SHORT: Regular Via of Net submod_op_centred_pixels[118] & Regular Wire of Net FE_OFN181_delayed_eigen_weight_111_  ( M2 )
Bounds : ( 236.460, 235.570 ) ( 236.740, 235.950 )


SHORT: Regular Wire of Net submod_op_centred_pixels[118] & Regular Wire of Net FE_OFN167_delayed_eigen_weight_125_  ( M2 )
Bounds : ( 237.020, 235.620 ) ( 237.860, 235.900 )


SHORT: Regular Via of Net mac_inst/csa_tree_add_36_25_I16/FE_OFN41_submod_op_centred_pixels_74_ & Regular Wire of Net submod_op_centred_pixels[123]  ( M2 )
Bounds : ( 238.700, 235.570 ) ( 238.980, 235.950 )


SHORT: Regular Via of Net submod_op_centred_pixels[135] & Regular Wire of Net mac_inst/csa_tree_add_36_25_I16/FE_OFN102_delayed_eigen_weight_220_  ( M2 )
Bounds : ( 252.140, 269.170 ) ( 252.420, 269.500 )


SHORT: Regular Via of Net mac_inst/csa_tree_add_36_25_I16/FE_OFN11_submod_op_centred_pixels_132_ & Regular Wire of Net submod_op_centred_pixels[156]  ( M2 )
Bounds : ( 223.020, 240.610 ) ( 223.300, 240.990 )


SHORT: Regular Via of Net FE_OFN88_delayed_eigen_weight_235_ & Regular Wire of Net FE_OFN9_submod_op_centred_pixels_145_  ( M2 )
Bounds : ( 215.180, 308.370 ) ( 215.460, 308.750 )


SHORT: Regular Via of Net FE_OFN88_delayed_eigen_weight_235_ & Regular Wire of Net FE_OFN9_submod_op_centred_pixels_145_  ( M2 )
Bounds : ( 215.130, 308.420 ) ( 215.460, 308.700 )


SHORT: Regular Wire of Net mac_inst/csa_tree_add_36_25_I16/FE_OFN11_submod_op_centred_pixels_132_ & Regular Wire of Net FE_OFN99_delayed_eigen_weight_223_  ( M2 )
Bounds : ( 222.460, 240.660 ) ( 223.300, 240.940 )


SHORT: Regular Via of Net FE_OFN22_submod_op_centred_pixels_113_ & Regular Wire of Net FE_OFN122_delayed_eigen_weight_190_  ( M2 )
Bounds : ( 231.420, 246.820 ) ( 231.700, 247.100 )


SHORT: Regular Wire of Net mac_inst/csa_tree_add_36_25_I16/FE_OFN23_submod_op_centred_pixels_112_ & Regular Wire of Net FE_OFN181_delayed_eigen_weight_111_  ( M2 )
Bounds : ( 236.460, 240.660 ) ( 236.740, 240.940 )


SHORT: Regular Via of Net FE_OFN121_delayed_eigen_weight_191_ & Regular Wire of Net mac_inst/csa_tree_add_36_25_I16/FE_OFN23_submod_op_centred_pixels_112_  ( M2 )
Bounds : ( 237.020, 240.660 ) ( 237.300, 240.940 )


SHORT: Regular Via of Net FE_OFN86_delayed_eigen_weight_237_ & Regular Wire of Net FE_OFN28_submod_op_centred_pixels_95_  ( M2 )
Bounds : ( 203.980, 291.570 ) ( 204.260, 291.950 )


SHORT: Regular Via of Net FE_OFN187_delayed_eigen_weight_105_ & Regular Wire of Net mac_inst/csa_tree_add_36_25_I16/FE_OFN46_submod_op_centred_pixels_68_  ( M2 )
Bounds : ( 259.420, 230.020 ) ( 259.700, 230.300 )


SHORT: Regular Via of Net mac_inst/csa_tree_add_36_25_I16/FE_OFN48_submod_op_centred_pixels_66_ & Regular Wire of Net FE_OFN122_delayed_eigen_weight_190_  ( M2 )
Bounds : ( 230.860, 229.970 ) ( 231.140, 230.350 )


SHORT: Regular Via of Net FE_OFN168_delayed_eigen_weight_124_ & Regular Wire of Net FE_OFN195_delayed_eigen_weight_58_  ( M2 )
Bounds : ( 217.420, 246.770 ) ( 217.700, 247.150 )


SHORT: Regular Wire of Net FE_OFN182_delayed_eigen_weight_110_ & Regular Wire of Net FE_OFN183_delayed_eigen_weight_109_  ( M2 )
Bounds : ( 248.780, 230.020 ) ( 249.060, 230.300 )


SHORT: Regular Via of Net FE_OFN234_delayed_eigen_weight_15_ & Regular Wire of Net FE_OFN206_delayed_eigen_weight_44_  ( M2 )
Bounds : ( 202.300, 308.025 ) ( 202.580, 308.750 )


SHORT: Regular Wire of Net submod_op_centred_pixels[91] & Regular Wire of Net submod_op_centred_pixels[135]  ( M2 )
Bounds : ( 262.780, 375.620 ) ( 263.060, 375.900 )


SHORT: Regular Via of Net submod_op_centred_pixels[100] & Regular Wire of Net submod_op_centred_pixels[119]  ( M2 )
Bounds : ( 267.820, 336.370 ) ( 268.100, 336.750 )


SHORT: Regular Wire of Net submod_op_centred_pixels[142] & Regular Wire of Net FE_OFN88_delayed_eigen_weight_235_  ( M2 )
Bounds : ( 248.220, 370.020 ) ( 249.620, 370.300 )


SHORT: Regular Via of Net FE_OFN88_delayed_eigen_weight_235_ & Regular Wire of Net submod_op_centred_pixels[142]  ( M2 )
Bounds : ( 248.220, 369.970 ) ( 248.500, 370.300 )


SHORT: Regular Via of Net submod_op_centred_pixels[142] & Regular Wire of Net FE_OFN88_delayed_eigen_weight_235_  ( M2 )
Bounds : ( 249.340, 370.020 ) ( 249.620, 370.350 )


SHORT: Regular Via of Net FE_OFN195_delayed_eigen_weight_58_ & Regular Wire of Net submod_op_centred_pixels[156]  ( M2 )
Bounds : ( 223.020, 319.570 ) ( 223.300, 319.950 )


SHORT: Regular Via of Net FE_OFN138_delayed_eigen_weight_154_ & Regular Wire of Net FE_OFN28_submod_op_centred_pixels_95_  ( M2 )
Bounds : ( 203.980, 336.370 ) ( 204.260, 336.750 )


SHORT: Regular Via of Net FE_OFN197_delayed_eigen_weight_55_ & Regular Wire of Net mac_inst/csa_tree_add_36_25_I16/FE_OFN73_delayed_eigen_weight_250_  ( M2 )
Bounds : ( 209.020, 330.770 ) ( 209.300, 331.150 )


SHORT: Regular Via of Net submod_op_centred_pixels[106] & Regular Wire of Net submod_op_centred_pixels[90]  ( M2 )
Bounds : ( 305.900, 274.770 ) ( 306.180, 275.150 )


SHORT: Regular Wire of Net submod_op_centred_pixels[91] & Regular Wire of Net submod_op_centred_pixels[136]  ( M2 )
Bounds : ( 354.620, 342.020 ) ( 354.900, 342.300 )


SHORT: Regular Via of Net submod_op_centred_pixels[144] & Regular Wire of Net submod_op_centred_pixels[91]  ( M2 )
Bounds : ( 354.620, 257.970 ) ( 354.900, 258.350 )


SHORT: Regular Via of Net FE_OFN137_delayed_eigen_weight_158_ & Regular Wire of Net submod_op_centred_pixels[108]  ( M2 )
Bounds : ( 327.740, 229.970 ) ( 328.020, 230.350 )


SHORT: Regular Via of Net submod_op_centred_pixels[144] & Regular Wire of Net FE_OFN87_delayed_eigen_weight_236_  ( M2 )
Bounds : ( 301.420, 246.770 ) ( 301.700, 247.100 )


SHORT: Regular Via of Net mac_inst/csa_tree_add_36_25_I16/FE_OFN46_submod_op_centred_pixels_68_ & Regular Wire of Net FE_OFN90_delayed_eigen_weight_233_  ( M2 )
Bounds : ( 338.940, 386.770 ) ( 339.220, 387.150 )


SHORT: Regular Via of Net FE_OFN196_delayed_eigen_weight_56_ & Regular Wire of Net mac_inst/csa_tree_add_36_25_I16/FE_OFN48_submod_op_centred_pixels_66_  ( M2 )
Bounds : ( 360.780, 369.970 ) ( 361.060, 370.350 )


SHORT: Regular Wire of Net FE_OFN77_delayed_eigen_weight_246_ & Regular Wire of Net FE_OFN133_delayed_eigen_weight_179_  ( M2 )
Bounds : ( 349.580, 392.980 ) ( 349.860, 393.260 )


SHORT: Regular Via of Net FE_OFN110_delayed_eigen_weight_202_ & Regular Wire of Net FE_OFN90_delayed_eigen_weight_233_  ( M2 )
Bounds : ( 338.940, 369.625 ) ( 339.220, 370.350 )


SHORT: Regular Via of Net FE_OFN106_delayed_eigen_weight_216_ & Regular Wire of Net FE_OFN132_delayed_eigen_weight_180_  ( M2 )
Bounds : ( 293.020, 386.820 ) ( 293.300, 387.100 )


SHORT: Regular Via of Net mac_inst/csa_tree_add_36_25_I16/FE_OFN306_n_2948 & Regular Wire of Net FE_OFN110_delayed_eigen_weight_202_  ( M2 )
Bounds : ( 342.300, 303.890 ) ( 342.580, 304.270 )


SHORT: Regular Via of Net FE_OFN191_delayed_eigen_weight_101_ & Regular Wire of Net FE_OFN140_delayed_eigen_weight_152_  ( M2 )
Bounds : ( 355.180, 386.770 ) ( 355.460, 387.150 )


SHORT: Regular Wire of Net mac_inst/csa_tree_add_36_25_I16/FE_OFN277_n_5147 & Regular Wire of Net mac_inst/csa_tree_add_36_25_I16/FE_OFN306_n_2948  ( M2 )
Bounds : ( 343.420, 303.940 ) ( 343.700, 304.220 )


SHORT: Regular Wire of Net mac_inst/csa_tree_add_36_25_I16/FE_OFN44_submod_op_centred_pixels_71_ & Regular Wire of Net FE_OFN168_delayed_eigen_weight_124_  ( M2 )
Bounds : ( 74.060, 465.220 ) ( 74.900, 465.500 )


SHORT: Regular Via of Net FE_OFN167_delayed_eigen_weight_125_ & Regular Wire of Net submod_op_centred_pixels[110]  ( M2 )
Bounds : ( 72.940, 420.370 ) ( 73.220, 420.750 )


SHORT: Regular Via of Net mac_inst/csa_tree_add_36_25_I16/FE_OFN103_delayed_eigen_weight_219_ & Regular Wire of Net submod_op_centred_pixels[111]  ( M2 )
Bounds : ( 47.180, 460.690 ) ( 47.460, 461.070 )


SHORT: Regular Via of Net FE_OFN101_delayed_eigen_weight_221_ & Regular Wire of Net submod_op_centred_pixels[111]  ( M2 )
Bounds : ( 47.180, 431.570 ) ( 47.460, 431.950 )


SHORT: Regular Wire of Net submod_op_centred_pixels[112] & Regular Wire of Net mac_inst/csa_tree_add_36_25_I16/FE_OFN71_delayed_eigen_weight_252_  ( M2 )
Bounds : ( 55.020, 414.820 ) ( 55.300, 415.100 )


SHORT: Regular Via of Net submod_op_centred_pixels[112] & Regular Wire of Net FE_OFN183_delayed_eigen_weight_109_  ( M2 )
Bounds : ( 54.460, 425.970 ) ( 54.740, 426.300 )


SHORT: Regular Wire of Net submod_op_centred_pixels[112] & Regular Wire of Net FE_OFN183_delayed_eigen_weight_109_  ( M2 )
Bounds : ( 54.460, 426.020 ) ( 55.300, 426.300 )


SHORT: Regular Wire of Net submod_op_centred_pixels[154] & Regular Wire of Net mac_inst/csa_tree_add_36_25_I16/FE_OFN38_submod_op_centred_pixels_77_  ( M2 )
Bounds : ( 60.060, 448.420 ) ( 60.340, 448.700 )


SHORT: Regular Via of Net stream_eigen_weight[107] & Regular Wire of Net mac_inst/csa_tree_add_36_25_I16/FE_OFN11_submod_op_centred_pixels_132_  ( M2 )
Bounds : ( 34.300, 408.825 ) ( 34.580, 409.550 )


SHORT: Regular Via of Net FE_OFN128_delayed_eigen_weight_184_ & Regular Wire of Net clk  ( M2 )
Bounds : ( 37.610, 465.780 ) ( 37.990, 466.060 )


SHORT: Regular Via of Net mac_inst/csa_tree_add_36_25_I16/FE_OFN11_submod_op_centred_pixels_132_ & Regular Wire of Net mac_inst/csa_tree_add_36_25_I16/FE_OFN37_submod_op_centred_pixels_78_  ( M2 )
Bounds : ( 43.820, 448.370 ) ( 44.100, 448.700 )


SHORT: Regular Via of Net mac_inst/csa_tree_add_36_25_I16/FE_OFN37_submod_op_centred_pixels_78_ & Regular Wire of Net mac_inst/csa_tree_add_36_25_I16/FE_OFN11_submod_op_centred_pixels_132_  ( M2 )
Bounds : ( 43.820, 448.420 ) ( 44.150, 448.700 )


SHORT: Regular Wire of Net FE_OFN22_submod_op_centred_pixels_113_ & Regular Wire of Net FE_OFN174_delayed_eigen_weight_118_  ( M2 )
Bounds : ( 48.860, 465.220 ) ( 49.140, 465.500 )


SHORT: Regular Via of Net FE_OFN175_delayed_eigen_weight_117_ & Regular Wire of Net mac_inst/csa_tree_add_36_25_I16/FE_OFN37_submod_op_centred_pixels_78_  ( M2 )
Bounds : ( 43.820, 431.010 ) ( 44.100, 431.390 )


SHORT: Regular Via of Net mac_inst/csa_tree_add_36_25_I16/FE_OFN37_submod_op_centred_pixels_78_ & Regular Wire of Net mac_inst/csa_tree_add_36_25_I16/FE_OFN39_submod_op_centred_pixels_76_  ( M2 )
Bounds : ( 46.620, 448.025 ) ( 46.900, 448.750 )


SHORT: Regular Wire of Net mac_inst/csa_tree_add_36_25_I16/FE_OFN38_submod_op_centred_pixels_77_ & Regular Wire of Net FE_OFN128_delayed_eigen_weight_184_  ( M2 )
Bounds : ( 51.660, 465.220 ) ( 51.940, 465.500 )


SHORT: Regular Via of Net FE_OFN123_delayed_eigen_weight_189_ & Regular Wire of Net mac_inst/csa_tree_add_36_25_I16/FE_OFN39_submod_op_centred_pixels_76_  ( M2 )
Bounds : ( 46.620, 420.025 ) ( 46.900, 420.750 )


SHORT: Regular Via of Net mac_inst/csa_tree_add_36_25_I16/FE_OFN42_submod_op_centred_pixels_73_ & Regular Wire of Net mac_inst/csa_tree_add_36_25_I16/FE_OFN41_submod_op_centred_pixels_74_  ( M2 )
Bounds : ( 51.100, 414.425 ) ( 51.380, 415.150 )


SHORT: Regular Via of Net FE_OFN170_delayed_eigen_weight_122_ & Regular Wire of Net mac_inst/csa_tree_add_36_25_I16/FE_OFN41_submod_op_centred_pixels_74_  ( M2 )
Bounds : ( 51.660, 426.020 ) ( 51.940, 426.300 )


SHORT: Regular Via of Net FE_OFN86_delayed_eigen_weight_237_ & Regular Wire of Net mac_inst/csa_tree_add_36_25_I16/FE_OFN73_delayed_eigen_weight_250_  ( M2 )
Bounds : ( 64.540, 397.970 ) ( 64.820, 398.350 )


SHORT: Regular Via of Net mac_inst/csa_tree_add_36_25_I16/FE_OFN124_delayed_eigen_weight_188_ & Regular Wire of Net FE_OFN183_delayed_eigen_weight_109_  ( M2 )
Bounds : ( 55.580, 426.020 ) ( 55.860, 426.300 )


SHORT: Regular Via of Net FE_OFN174_delayed_eigen_weight_118_ & Regular Wire of Net mac_inst/csa_tree_add_36_25_I16/FE_OFN125_delayed_eigen_weight_187_  ( M2 )
Bounds : ( 45.500, 448.370 ) ( 45.780, 448.750 )


SHORT: Regular Via of Net mac_inst/csa_tree_add_36_25_I16/FE_OFN125_delayed_eigen_weight_187_ & Regular Wire of Net FE_OFN174_delayed_eigen_weight_118_  ( M2 )
Bounds : ( 47.740, 448.370 ) ( 48.020, 448.750 )


SHORT: Regular Wire of Net mac_inst/csa_tree_add_36_25_I16/FE_OFN125_delayed_eigen_weight_187_ & Regular Wire of Net FE_OFN174_delayed_eigen_weight_118_  ( M2 )
Bounds : ( 45.500, 448.420 ) ( 48.020, 448.700 )


SHORT: Regular Via of Net FE_OFN170_delayed_eigen_weight_122_ & Regular Wire of Net FE_OFN171_delayed_eigen_weight_121_  ( M2 )
Bounds : ( 49.420, 476.370 ) ( 49.700, 476.750 )


SHORT: Regular Wire of Net FE_OFN171_delayed_eigen_weight_121_ & Regular Wire of Net FE_OFN174_delayed_eigen_weight_118_  ( M2 )
Bounds : ( 49.420, 465.220 ) ( 49.700, 465.500 )


SHORT: Regular Wire of Net FE_OFN183_delayed_eigen_weight_109_ & Regular Wire of Net FE_OFN253_n_1  ( M2 )
Bounds : ( 32.620, 408.100 ) ( 32.900, 408.380 )


SHORT: Regular Via of Net submod_op_centred_pixels[114] & Regular Wire of Net mac_inst/csa_tree_add_36_25_I16/FE_OFN313_n_7165  ( M2 )
Bounds : ( 92.540, 465.170 ) ( 92.820, 465.550 )


SHORT: Regular Wire of Net submod_op_centred_pixels[117] & Regular Wire of Net FE_OFN129_delayed_eigen_weight_183_  ( M2 )
Bounds : ( 97.020, 398.020 ) ( 97.300, 398.300 )


SHORT: Regular Wire of Net mac_inst/csa_tree_add_36_25_I16/FE_OFN2_submod_op_centred_pixels_155_ & Regular Wire of Net mac_inst/csa_tree_add_36_25_I16/FE_OFN291_n_6341  ( M2 )
Bounds : ( 93.660, 409.220 ) ( 93.940, 409.500 )


SHORT: Regular Via of Net FE_OFN171_delayed_eigen_weight_121_ & Regular Wire of Net submod_op_centred_pixels[110]  ( M2 )
Bounds : ( 49.980, 494.290 ) ( 50.260, 494.670 )


SHORT: Regular Wire of Net submod_op_centred_pixels[111] & Regular Wire of Net FE_OFN259_n_1  ( M2 )
Bounds : ( 46.060, 531.300 ) ( 46.340, 531.580 )


SHORT: Regular Wire of Net submod_op_centred_pixels[112] & Regular Wire of Net FE_OFN253_n_1  ( M2 )
Bounds : ( 51.660, 508.900 ) ( 51.940, 509.180 )


SHORT: Regular Wire of Net clk & Regular Wire of Net FE_OFN127_delayed_eigen_weight_185_  ( M2 )
Bounds : ( 38.220, 482.020 ) ( 38.500, 482.300 )


SHORT: Regular Via of Net FE_OFN129_delayed_eigen_weight_183_ & Regular Wire of Net clk  ( M2 )
Bounds : ( 37.610, 482.020 ) ( 37.990, 482.300 )


SHORT: Regular Wire of Net mac_inst/csa_tree_add_36_25_I16/FE_OFN0_submod_op_centred_pixels_159_ & Regular Wire of Net mac_inst/csa_tree_add_36_25_I16/FE_OFN31_submod_op_centred_pixels_88_  ( M2 )
Bounds : ( 102.060, 516.180 ) ( 102.340, 516.460 )


SHORT: Regular Via of Net mac_inst/csa_tree_add_36_25_I16/FE_OFN271_n_4772 & Regular Wire of Net mac_inst/csa_tree_add_36_25_I16/FE_OFN31_submod_op_centred_pixels_88_  ( M2 )
Bounds : ( 102.060, 493.170 ) ( 102.340, 493.550 )


SHORT: Regular Wire of Net mac_inst/csa_tree_add_36_25_I16/FE_OFN55_submod_op_centred_pixels_16_ & Regular Wire of Net mac_inst/csa_tree_add_36_25_I16/FE_OFN74_delayed_eigen_weight_249_  ( M2 )
Bounds : ( 70.140, 486.450 ) ( 70.420, 487.340 )


SHORT: Regular Wire of Net mac_inst/csa_tree_add_36_25_I16/FE_OFN125_delayed_eigen_weight_187_ & Regular Wire of Net FE_OFN171_delayed_eigen_weight_121_  ( M2 )
Bounds : ( 54.460, 482.020 ) ( 55.860, 482.300 )


SHORT: Regular Wire of Net FE_OFN127_delayed_eigen_weight_185_ & Regular Wire of Net FE_OFN253_n_1  ( M2 )
Bounds : ( 38.220, 505.540 ) ( 38.500, 505.820 )


SHORT: Regular Via of Net submod_op_centred_pixels[121] & Regular Wire of Net FE_OFN142_delayed_eigen_weight_150_  ( M2 )
Bounds : ( 177.100, 448.370 ) ( 177.380, 448.750 )


SHORT: Regular Wire of Net submod_op_centred_pixels[123] & Regular Wire of Net FE_OFN139_delayed_eigen_weight_153_  ( M2 )
Bounds : ( 191.100, 470.770 ) ( 191.380, 471.660 )


SHORT: Regular Via of Net submod_op_centred_pixels[141] & Regular Wire of Net FE_OFN90_delayed_eigen_weight_233_  ( M3 )
Bounds : ( 179.850, 400.820 ) ( 185.270, 401.100 )


SHORT: Regular Via of Net mac_inst/csa_tree_add_36_25_I16/FE_OFN1_submod_op_centred_pixels_157_ & Regular Wire of Net FE_OFN209_delayed_eigen_weight_41_  ( M2 )
Bounds : ( 169.820, 408.825 ) ( 170.100, 409.550 )


SHORT: Regular Via of Net mac_inst/csa_tree_add_36_25_I16/FE_OFN4_submod_op_centred_pixels_153_ & Regular Wire of Net FE_OFN142_delayed_eigen_weight_150_  ( M2 )
Bounds : ( 177.100, 403.570 ) ( 177.380, 403.950 )


SHORT: Regular Via of Net FE_OFN109_delayed_eigen_weight_203_ & Regular Wire of Net mac_inst/csa_tree_add_36_25_I16/FE_OFN8_submod_op_centred_pixels_146_  ( M2 )
Bounds : ( 195.580, 464.825 ) ( 195.860, 465.550 )


SHORT: Regular Wire of Net mac_inst/csa_tree_add_36_25_I16/FE_OFN8_submod_op_centred_pixels_146_ & Regular Wire of Net FE_OFN91_delayed_eigen_weight_232_  ( M2 )
Bounds : ( 181.580, 442.820 ) ( 181.860, 443.100 )


SHORT: Regular Via of Net FE_OFN186_delayed_eigen_weight_106_ & Regular Wire of Net mac_inst/csa_tree_add_36_25_I16/FE_OFN26_submod_op_centred_pixels_97_  ( M2 )
Bounds : ( 163.100, 420.370 ) ( 163.380, 420.750 )


SHORT: Regular Via of Net FE_OFN188_delayed_eigen_weight_104_ & Regular Wire of Net mac_inst/csa_tree_add_36_25_I16/FE_OFN34_submod_op_centred_pixels_85_  ( M2 )
Bounds : ( 118.300, 397.970 ) ( 118.580, 398.350 )


SHORT: Regular Wire of Net mac_inst/csa_tree_add_36_25_I16/FE_OFN48_submod_op_centred_pixels_66_ & Regular Wire of Net mac_inst/csa_tree_add_36_25_I16/FE_OFN307_n_3936  ( M2 )
Bounds : ( 141.820, 408.660 ) ( 142.100, 408.940 )


SHORT: Regular Via of Net mac_inst/csa_tree_add_36_25_I16/FE_OFN72_delayed_eigen_weight_251_ & Regular Wire of Net mac_inst/csa_tree_add_36_25_I16/FE_OFN63_submod_op_centred_pixels_8_  ( M2 )
Bounds : ( 148.540, 414.770 ) ( 148.820, 415.150 )


SHORT: Regular Via of Net FE_OFN130_delayed_eigen_weight_182_ & Regular Wire of Net mac_inst/csa_tree_add_36_25_I16/FE_OFN72_delayed_eigen_weight_251_  ( M2 )
Bounds : ( 147.980, 414.770 ) ( 148.260, 415.100 )


SHORT: Regular Via of Net FE_OFN87_delayed_eigen_weight_236_ & Regular Wire of Net FE_OFN208_delayed_eigen_weight_42_  ( M2 )
Bounds : ( 178.780, 403.225 ) ( 179.060, 403.950 )


SHORT: Regular Via of Net FE_OFN139_delayed_eigen_weight_153_ & Regular Wire of Net mac_inst/csa_tree_add_36_25_I16/FE_OFN309_n_4445  ( M2 )
Bounds : ( 172.620, 471.890 ) ( 172.900, 472.270 )


SHORT: Regular Wire of Net FE_OFN151_delayed_eigen_weight_141_ & Regular Wire of Net mac_inst/csa_tree_add_36_25_I16/FE_OFN307_n_3936  ( M2 )
Bounds : ( 141.260, 408.660 ) ( 141.540, 408.940 )


SHORT: Regular Wire of Net FE_OFN186_delayed_eigen_weight_106_ & Regular Wire of Net mac_inst/csa_tree_add_36_25_I16/FE_OFN292_n_6445  ( M2 )
Bounds : ( 163.660, 420.420 ) ( 163.940, 420.700 )


SHORT: Regular Via of Net FE_OFN187_delayed_eigen_weight_105_ & Regular Wire of Net mac_inst/csa_tree_add_52_54_groupi/FE_OFN320_n_142  ( M2 )
Bounds : ( 151.900, 425.970 ) ( 152.180, 426.350 )


SHORT: Regular Via of Net mac_inst/csa_tree_add_36_25_I16/FE_OFN5_submod_op_centred_pixels_149_ & Regular Wire of Net submod_op_centred_pixels[82]  ( M2 )
Bounds : ( 139.580, 509.970 ) ( 139.860, 510.350 )


SHORT: Regular Via of Net submod_op_centred_pixels[126] & Regular Wire of Net mac_inst/csa_tree_add_36_25_I16/FE_OFN17_submod_op_centred_pixels_126_  ( M2 )
Bounds : ( 143.500, 504.420 ) ( 143.780, 504.750 )


SHORT: Regular Via of Net FE_OFN260_n_1 & Regular Wire of Net stream_eigen_weight[248]  ( M2 )
Bounds : ( 164.780, 493.220 ) ( 165.060, 493.500 )


SHORT: Regular Wire of Net mac_inst/csa_tree_add_36_25_I16/FE_OFN6_submod_op_centred_pixels_148_ & Regular Wire of Net mac_inst/csa_tree_add_36_25_I16/FE_OFN92_delayed_eigen_weight_231_  ( M2 )
Bounds : ( 187.180, 494.340 ) ( 187.460, 494.620 )


SHORT: Regular Via of Net mac_inst/csa_tree_add_36_25_I16/FE_OFN6_submod_op_centred_pixels_148_ & Regular Wire of Net FE_OFN213_delayed_eigen_weight_37_  ( M2 )
Bounds : ( 187.740, 537.970 ) ( 188.020, 538.350 )


SHORT: Regular Via of Net mac_inst/csa_tree_add_36_25_I16/FE_OFN14_submod_op_centred_pixels_129_ & Regular Wire of Net mac_inst/csa_tree_add_36_25_I16/FE_OFN65_submod_op_centred_pixels_6_  ( M2 )
Bounds : ( 134.540, 509.625 ) ( 134.820, 510.350 )


SHORT: Regular Wire of Net mac_inst/csa_tree_add_36_25_I16/FE_OFN17_submod_op_centred_pixels_126_ & Regular Wire of Net mac_inst/final_adder_add_36_25_I16/FE_OFN323_n_44  ( M2 )
Bounds : ( 144.060, 505.540 ) ( 144.340, 505.820 )


SHORT: Regular Wire of Net mac_inst/csa_tree_add_36_25_I16/FE_OFN17_submod_op_centred_pixels_126_ & Regular Wire of Net FE_OFN239_delayed_eigen_weight_10_  ( M2 )
Bounds : ( 144.620, 505.540 ) ( 144.900, 505.820 )


SHORT: Regular Via of Net mac_inst/csa_tree_add_36_25_I16/FE_OFN211_delayed_eigen_weight_39_ & Regular Wire of Net mac_inst/csa_tree_add_36_25_I16/FE_OFN25_submod_op_centred_pixels_98_  ( M2 )
Bounds : ( 165.900, 543.570 ) ( 166.180, 543.950 )


SHORT: Regular Wire of Net mac_inst/csa_tree_add_36_25_I16/FE_OFN25_submod_op_centred_pixels_98_ & Regular Wire of Net mac_inst/csa_tree_add_36_25_I16/FE_OFN35_submod_op_centred_pixels_84_  ( M2 )
Bounds : ( 166.460, 538.020 ) ( 166.740, 538.300 )


SHORT: Regular Wire of Net mac_inst/csa_tree_add_36_25_I16/FE_OFN35_submod_op_centred_pixels_84_ & Regular Wire of Net mac_inst/csa_tree_add_36_25_I16/FE_OFN211_delayed_eigen_weight_39_  ( M2 )
Bounds : ( 166.460, 543.620 ) ( 166.740, 543.900 )


SHORT: Regular Via of Net FE_OFN221_delayed_eigen_weight_29_ & Regular Wire of Net mac_inst/csa_tree_add_36_25_I16/FE_OFN49_submod_op_centred_pixels_28_  ( M2 )
Bounds : ( 173.180, 538.020 ) ( 173.460, 538.300 )


SHORT: Regular Via of Net mac_inst/csa_tree_add_36_25_I16/FE_OFN212_delayed_eigen_weight_38_ & Regular Wire of Net mac_inst/csa_tree_add_36_25_I16/FE_OFN49_submod_op_centred_pixels_28_  ( M2 )
Bounds : ( 172.620, 538.020 ) ( 172.900, 538.300 )


SHORT: Regular Via of Net FE_OFN245_delayed_eigen_weight_4_ & Regular Wire of Net mac_inst/csa_tree_add_36_25_I16/FE_OFN50_submod_op_centred_pixels_27_  ( M2 )
Bounds : ( 180.460, 549.730 ) ( 180.740, 550.110 )


SHORT: Regular Via of Net mac_inst/csa_tree_add_36_25_I16/FE_OFN67_submod_op_centred_pixels_4_ & Regular Wire of Net mac_inst/final_adder_add_36_25_I16/FE_OFN323_n_44  ( M2 )
Bounds : ( 144.060, 487.225 ) ( 144.340, 487.950 )


SHORT: Regular Wire of Net mac_inst/csa_tree_add_36_25_I16/FE_OFN95_delayed_eigen_weight_228_ & Regular Wire of Net FE_OFN208_delayed_eigen_weight_42_  ( M2 )
Bounds : ( 178.780, 520.660 ) ( 179.060, 520.940 )


SHORT: Regular Via of Net FE_OFN143_delayed_eigen_weight_149_ & Regular Wire of Net FE_OFN245_delayed_eigen_weight_4_  ( M2 )
Bounds : ( 181.020, 560.025 ) ( 181.300, 560.750 )


SHORT: Regular Via of Net FE_OFN151_delayed_eigen_weight_141_ & Regular Wire of Net FE_OFN208_delayed_eigen_weight_42_  ( M2 )
Bounds : ( 178.780, 487.570 ) ( 179.060, 487.950 )


SHORT: Regular Via of Net mac_inst/csa_tree_add_36_25_I16/FE_OFN278_n_5203 & Regular Wire of Net mac_inst/csa_tree_add_36_25_I16/FE_OFN279_n_5204  ( M2 )
Bounds : ( 126.140, 531.465 ) ( 126.420, 532.190 )


SHORT: Regular Via of Net submod_op_centred_pixels[82] & Regular Wire of Net mac_inst/csa_tree_add_36_25_I16/FE_OFN65_submod_op_centred_pixels_6_  ( M2 )
Bounds : ( 134.540, 565.970 ) ( 134.820, 566.350 )


SHORT: Regular Via of Net mac_inst/csa_tree_add_36_25_I16/FE_OFN157_delayed_eigen_weight_135_ & Regular Wire of Net submod_op_centred_pixels[85]  ( M2 )
Bounds : ( 178.220, 594.020 ) ( 178.500, 594.300 )


SHORT: Regular Via of Net FE_OFN259_n_1 & Regular Wire of Net stream_eigen_weight[5]  ( M2 )
Bounds : ( 159.180, 673.145 ) ( 159.460, 673.870 )


SHORT: Regular Via of Net clk & Regular Wire of Net stream_eigen_weight[6]  ( M2 )
Bounds : ( 138.460, 667.330 ) ( 138.740, 667.710 )


SHORT: Regular Via of Net FE_OFN259_n_1 & Regular Wire of Net stream_eigen_weight[7]  ( M2 )
Bounds : ( 117.740, 673.490 ) ( 118.020, 673.870 )


SHORT: Regular Via of Net FE_OFN259_n_1 & Regular Wire of Net stream_eigen_weight[20]  ( M2 )
Bounds : ( 133.980, 665.650 ) ( 134.260, 666.030 )


SHORT: Regular Via of Net FE_OFN207_delayed_eigen_weight_43_ & Regular Wire of Net stream_eigen_weight[42]  ( M2 )
Bounds : ( 135.100, 673.490 ) ( 135.380, 673.870 )


SHORT: Regular Via of Net mac_inst/FE_OFN261_n_13 & Regular Wire of Net stream_eigen_weight[150]  ( M2 )
Bounds : ( 160.300, 661.730 ) ( 160.580, 662.110 )


SHORT: Regular Via of Net clk & Regular Wire of Net FE_OFN259_n_1  ( M2 )
Bounds : ( 53.340, 605.170 ) ( 53.620, 605.550 )


SHORT: Regular Via of Net clk & Regular Wire of Net FE_OFN209_delayed_eigen_weight_41_  ( M2 )
Bounds : ( 155.260, 644.585 ) ( 155.540, 645.310 )


SHORT: Regular Via of Net mac_inst/csa_tree_add_36_25_I16/FE_OFN33_submod_op_centred_pixels_86_ & Regular Wire of Net mac_inst/csa_tree_add_36_25_I16/FE_OFN15_submod_op_centred_pixels_128_  ( M2 )
Bounds : ( 127.260, 572.690 ) ( 127.540, 573.070 )


SHORT: Regular Via of Net mac_inst/csa_tree_add_36_25_I16/FE_OFN35_submod_op_centred_pixels_84_ & Regular Wire of Net FE_OFN245_delayed_eigen_weight_4_  ( M2 )
Bounds : ( 181.020, 582.770 ) ( 181.300, 583.150 )


SHORT: Regular Via of Net mac_inst/csa_tree_add_36_25_I16/FE_OFN59_submod_op_centred_pixels_12_ & Regular Wire of Net FE_OFN224_delayed_eigen_weight_26_  ( M2 )
Bounds : ( 172.620, 622.020 ) ( 172.900, 622.300 )


SHORT: Regular Via of Net mac_inst/csa_tree_add_36_25_I16/FE_OFN212_delayed_eigen_weight_38_ & Regular Wire of Net mac_inst/csa_tree_add_36_25_I16/FE_OFN62_submod_op_centred_pixels_9_  ( M2 )
Bounds : ( 181.580, 565.970 ) ( 181.860, 566.350 )


SHORT: Regular Via of Net FE_OFN153_delayed_eigen_weight_139_ & Regular Wire of Net mac_inst/csa_tree_add_36_25_I16/FE_OFN115_delayed_eigen_weight_197_  ( M2 )
Bounds : ( 135.660, 565.970 ) ( 135.940, 566.350 )


SHORT: Regular Wire of Net FE_OFN141_delayed_eigen_weight_151_ & Regular Wire of Net FE_OFN224_delayed_eigen_weight_26_  ( M2 )
Bounds : ( 173.180, 622.020 ) ( 173.460, 622.300 )


SHORT: Regular Via of Net mac_inst/FE_OFN305_n_43 & Regular Wire of Net mac_inst/FE_OFN261_n_13  ( M2 )
Bounds : ( 127.260, 632.610 ) ( 127.540, 632.990 )


SHORT: Regular Via of Net submod_op_centred_pixels[93] & Regular Wire of Net FE_OFN28_submod_op_centred_pixels_95_  ( M2 )
Bounds : ( 203.980, 408.825 ) ( 204.260, 409.550 )


SHORT: Regular Wire of Net submod_op_centred_pixels[150] & Regular Wire of Net mac_inst/csa_tree_add_36_25_I16/FE_OFN71_delayed_eigen_weight_252_  ( M2 )
Bounds : ( 267.820, 414.820 ) ( 268.100, 415.100 )


SHORT: Regular Via of Net mac_inst/csa_tree_add_36_25_I16/FE_OFN94_delayed_eigen_weight_229_ & Regular Wire of Net mac_inst/csa_tree_add_36_25_I16/FE_OFN7_submod_op_centred_pixels_147_  ( M2 )
Bounds : ( 242.620, 549.220 ) ( 242.900, 549.500 )


SHORT: Regular Via of Net FE_OFN214_delayed_eigen_weight_36_ & Regular Wire of Net mac_inst/csa_tree_add_36_25_I16/FE_OFN17_submod_op_centred_pixels_126_  ( M3 )
Bounds : ( 240.890, 555.940 ) ( 241.830, 556.220 )


SHORT: Regular Via of Net mac_inst/csa_tree_add_36_25_I16/FE_OFN24_submod_op_centred_pixels_110_ & Regular Wire of Net mac_inst/csa_tree_add_36_25_I16/FE_OFN294_n_6555  ( M2 )
Bounds : ( 214.060, 487.570 ) ( 214.340, 487.950 )


SHORT: Regular Via of Net FE_OFN139_delayed_eigen_weight_153_ & Regular Wire of Net FE_OFN28_submod_op_centred_pixels_95_  ( M2 )
Bounds : ( 203.980, 453.970 ) ( 204.260, 454.350 )


SHORT: Regular Via of Net FE_OFN139_delayed_eigen_weight_153_ & Regular Wire of Net FE_OFN28_submod_op_centred_pixels_95_  ( M2 )
Bounds : ( 203.930, 454.020 ) ( 204.260, 454.300 )


SHORT: Regular Via of Net mac_inst/csa_tree_add_36_25_I16/FE_OFN29_submod_op_centred_pixels_94_ & Regular Wire of Net mac_inst/csa_tree_add_36_25_I16/FE_OFN286_n_5437  ( M2 )
Bounds : ( 277.340, 493.170 ) ( 277.620, 493.550 )


SHORT: Regular Via of Net mac_inst/csa_tree_add_36_25_I16/FE_OFN44_submod_op_centred_pixels_71_ & Regular Wire of Net mac_inst/csa_tree_add_36_25_I16/FE_OFN294_n_6555  ( M2 )
Bounds : ( 214.060, 481.970 ) ( 214.340, 482.350 )


SHORT: Regular Via of Net FE_OFN171_delayed_eigen_weight_121_ & Regular Wire of Net mac_inst/csa_tree_add_36_25_I16/FE_OFN103_delayed_eigen_weight_219_  ( M2 )
Bounds : ( 276.730, 465.220 ) ( 277.060, 465.500 )


SHORT: Regular Via of Net mac_inst/csa_tree_add_36_25_I16/FE_OFN103_delayed_eigen_weight_219_ & Regular Wire of Net FE_OFN171_delayed_eigen_weight_121_  ( M2 )
Bounds : ( 276.780, 465.170 ) ( 277.060, 465.550 )


SHORT: Regular Via of Net FE_OFN169_delayed_eigen_weight_123_ & Regular Wire of Net FE_OFN126_delayed_eigen_weight_186_  ( M2 )
Bounds : ( 243.740, 476.420 ) ( 244.020, 476.750 )


SHORT: Regular Via of Net FE_OFN126_delayed_eigen_weight_186_ & Regular Wire of Net FE_OFN171_delayed_eigen_weight_121_  ( M2 )
Bounds : ( 276.780, 476.370 ) ( 277.060, 476.750 )


SHORT: Regular Wire of Net FE_OFN126_delayed_eigen_weight_186_ & Regular Wire of Net FE_OFN169_delayed_eigen_weight_123_  ( M2 )
Bounds : ( 243.180, 476.420 ) ( 244.020, 476.700 )


SHORT: Regular Via of Net FE_OFN171_delayed_eigen_weight_121_ & Regular Wire of Net mac_inst/csa_tree_add_36_25_I16/FE_OFN286_n_5437  ( M2 )
Bounds : ( 277.340, 470.770 ) ( 277.620, 471.150 )


SHORT: Regular Via of Net FE_OFN207_delayed_eigen_weight_43_ & Regular Wire of Net mac_inst/csa_tree_add_36_25_I16/FE_OFN290_n_6296  ( M2 )
Bounds : ( 219.660, 537.970 ) ( 219.940, 538.350 )


SHORT: Regular Wire of Net submod_op_centred_pixels[92] & Regular Wire of Net FE_OFN139_delayed_eigen_weight_153_  ( M2 )
Bounds : ( 304.220, 426.020 ) ( 304.500, 426.300 )


SHORT: Regular Wire of Net submod_op_centred_pixels[99] & Regular Wire of Net mac_inst/csa_tree_add_36_25_I16/FE_OFN94_delayed_eigen_weight_229_  ( M2 )
Bounds : ( 343.980, 549.220 ) ( 344.260, 549.500 )


SHORT: Regular Via of Net FE_OFN96_delayed_eigen_weight_227_ & Regular Wire of Net stream_eigen_weight[117]  ( M2 )
Bounds : ( 287.420, 520.610 ) ( 287.700, 520.990 )


SHORT: Regular Via of Net mac_inst/csa_tree_add_36_25_I16/FE_OFN27_submod_op_centred_pixels_96_ & Regular Wire of Net stream_eigen_weight[182]  ( M2 )
Bounds : ( 319.340, 537.970 ) ( 319.620, 538.350 )


SHORT: Regular Via of Net mac_inst/csa_tree_add_36_25_I16/FE_OFN2_submod_op_centred_pixels_155_ & Regular Wire of Net FE_OFN77_delayed_eigen_weight_246_  ( M2 )
Bounds : ( 334.460, 409.220 ) ( 334.740, 409.550 )


SHORT: Regular Via of Net FE_OFN77_delayed_eigen_weight_246_ & Regular Wire of Net mac_inst/csa_tree_add_36_25_I16/FE_OFN2_submod_op_centred_pixels_155_  ( M2 )
Bounds : ( 334.410, 409.220 ) ( 334.740, 409.500 )


SHORT: Regular Wire of Net mac_inst/csa_tree_add_36_25_I16/FE_OFN13_submod_op_centred_pixels_130_ & Regular Wire of Net FE_OFN104_delayed_eigen_weight_218_  ( M2 )
Bounds : ( 305.900, 470.820 ) ( 306.740, 471.100 )


SHORT: Regular Via of Net FE_OFN104_delayed_eigen_weight_218_ & Regular Wire of Net mac_inst/csa_tree_add_36_25_I16/FE_OFN13_submod_op_centred_pixels_130_  ( M2 )
Bounds : ( 305.900, 470.770 ) ( 306.180, 471.100 )


SHORT: Regular Via of Net FE_OFN77_delayed_eigen_weight_246_ & Regular Wire of Net mac_inst/csa_tree_add_36_25_I16/FE_OFN274_n_5003  ( M2 )
Bounds : ( 335.580, 409.170 ) ( 335.860, 409.550 )


SHORT: Regular Via of Net mac_inst/csa_tree_add_36_25_I16/FE_OFN94_delayed_eigen_weight_229_ & Regular Wire of Net mac_inst/csa_tree_add_36_25_I16/FE_OFN277_n_5147  ( M2 )
Bounds : ( 343.420, 549.170 ) ( 343.700, 549.550 )


SHORT: Regular Via of Net FE_OFN128_delayed_eigen_weight_184_ & Regular Wire of Net mac_inst/csa_tree_add_36_25_I16/FE_OFN271_n_4772  ( M2 )
Bounds : ( 297.500, 453.970 ) ( 297.780, 454.350 )


SHORT: Regular Wire of Net FE_OFN130_delayed_eigen_weight_182_ & Regular Wire of Net mac_inst/csa_tree_add_36_25_I16/FE_OFN274_n_5003  ( M2 )
Bounds : ( 335.580, 508.900 ) ( 335.860, 509.180 )


SHORT: Regular Wire of Net FE_OFN139_delayed_eigen_weight_153_ & Regular Wire of Net mac_inst/csa_tree_add_36_25_I16/FE_OFN278_n_5203  ( M2 )
Bounds : ( 303.660, 426.020 ) ( 303.940, 426.300 )


SHORT: Regular Wire of Net FE_OFN197_delayed_eigen_weight_55_ & Regular Wire of Net mac_inst/csa_tree_add_36_25_I16/FE_OFN276_n_5069  ( M2 )
Bounds : ( 320.460, 420.420 ) ( 320.740, 420.700 )


SHORT: Regular Via of Net FE_OFN246_delayed_eigen_weight_3_ & Regular Wire of Net stream_eigen_weight[117]  ( M2 )
Bounds : ( 287.420, 588.370 ) ( 287.700, 588.750 )


SHORT: Regular Wire of Net mac_inst/csa_tree_add_36_25_I16/FE_OFN63_submod_op_centred_pixels_8_ & Regular Wire of Net FE_OFN246_delayed_eigen_weight_3_  ( M2 )
Bounds : ( 287.980, 588.420 ) ( 288.820, 588.700 )


SHORT: Regular Via of Net mac_inst/csa_tree_add_36_25_I16/FE_OFN63_submod_op_centred_pixels_8_ & Regular Wire of Net FE_OFN246_delayed_eigen_weight_3_  ( M2 )
Bounds : ( 288.540, 588.420 ) ( 288.820, 588.750 )


SHORT: Regular Wire of Net mac_inst/csa_tree_add_36_25_I16/FE_OFN66_submod_op_centred_pixels_5_ & Regular Wire of Net mac_inst/csa_tree_add_36_25_I16/FE_OFN242_delayed_eigen_weight_7_  ( M2 )
Bounds : ( 237.020, 594.020 ) ( 237.860, 594.300 )


SHORT: Regular Via of Net mac_inst/csa_tree_add_36_25_I16/FE_OFN277_n_5147 & Regular Wire of Net mac_inst/csa_tree_add_36_25_I16/FE_OFN274_n_5003  ( M2 )
Bounds : ( 335.580, 571.570 ) ( 335.860, 571.950 )


SHORT: Regular Via of Net FE_OFN165_delayed_eigen_weight_127_ & Regular Wire of Net submod_op_centred_pixels[88]  ( M2 )
Bounds : ( 369.740, 67.570 ) ( 370.020, 67.950 )


SHORT: Regular Wire of Net submod_op_centred_pixels[89] & Regular Wire of Net FE_OFN149_delayed_eigen_weight_143_  ( M2 )
Bounds : ( 371.980, 67.620 ) ( 372.260, 67.900 )


SHORT: Regular Via of Net submod_op_centred_pixels[89] & Regular Wire of Net stream_eigen_weight[86]  ( M2 )
Bounds : ( 373.100, 67.570 ) ( 373.380, 67.950 )


SHORT: Regular Via of Net submod_op_centred_pixels[99] & Regular Wire of Net stream_eigen_weight[63]  ( M2 )
Bounds : ( 406.140, 84.025 ) ( 406.420, 84.750 )


SHORT: Regular Via of Net submod_op_centred_pixels[107] & Regular Wire of Net submod_op_centred_pixels[144]  ( M2 )
Bounds : ( 435.260, 140.370 ) ( 435.540, 140.750 )


SHORT: Regular Via of Net submod_op_centred_pixels[108] & Regular Wire of Net stream_eigen_weight[86]  ( M2 )
Bounds : ( 373.100, 129.170 ) ( 373.380, 129.550 )


SHORT: Regular Via of Net submod_op_centred_pixels[127] & Regular Wire of Net stream_eigen_weight[86]  ( M2 )
Bounds : ( 373.100, 83.810 ) ( 373.380, 84.190 )


SHORT: Regular Via of Net submod_op_centred_pixels[138] & Regular Wire of Net stream_eigen_weight[86]  ( M2 )
Bounds : ( 373.100, 112.370 ) ( 373.380, 112.750 )


SHORT: Regular Via of Net FE_OFN99_delayed_eigen_weight_223_ & Regular Wire of Net submod_op_centred_pixels[139]  ( M2 )
Bounds : ( 377.020, 140.420 ) ( 377.300, 140.750 )


SHORT: Regular Via of Net FE_OFN251_n_1 & Regular Wire of Net submod_op_centred_pixels[139]  ( M2 )
Bounds : ( 427.420, 139.860 ) ( 427.700, 140.140 )


SHORT: Regular Wire of Net submod_op_centred_pixels[139] & Regular Wire of Net stream_eigen_weight[167]  ( M2 )
Bounds : ( 377.580, 140.420 ) ( 377.860, 140.700 )


SHORT: Regular Via of Net submod_op_centred_pixels[148] & Regular Wire of Net stream_eigen_weight[68]  ( M2 )
Bounds : ( 387.660, 112.370 ) ( 387.940, 112.750 )


SHORT: Regular Via of Net submod_op_centred_pixels[149] & Regular Wire of Net stream_eigen_weight[86]  ( M2 )
Bounds : ( 373.100, 61.970 ) ( 373.380, 62.350 )


SHORT: Regular Via of Net FE_OFN257_n_1 & Regular Wire of Net submod_op_centred_pixels[155]  ( M2 )
Bounds : ( 436.380, 112.585 ) ( 436.660, 112.700 )


SHORT: Regular Wire of Net submod_op_centred_pixels[156] & Regular Wire of Net FE_OFN255_n_1  ( M2 )
Bounds : ( 449.820, 90.185 ) ( 450.100, 90.300 )


SHORT: Regular Via of Net FE_OFN257_n_1 & Regular Wire of Net stream_eigen_weight[50]  ( M2 )
Bounds : ( 425.740, 106.210 ) ( 426.020, 106.590 )


SHORT: Regular Wire of Net stream_eigen_weight[64] & Regular Wire of Net FE_OFN257_n_1  ( M2 )
Bounds : ( 431.900, 128.610 ) ( 432.180, 129.500 )


SHORT: Regular Via of Net FE_OFN257_n_1 & Regular Wire of Net stream_eigen_weight[64]  ( M2 )
Bounds : ( 431.900, 112.585 ) ( 432.180, 113.310 )


SHORT: Regular Via of Net clk & Regular Wire of Net stream_eigen_weight[69]  ( M2 )
Bounds : ( 395.500, 140.370 ) ( 395.780, 140.750 )


SHORT: Regular Via of Net clk & Regular Wire of Net stream_eigen_weight[76]  ( M2 )
Bounds : ( 374.780, 106.425 ) ( 375.060, 107.150 )


SHORT: Regular Via of Net FE_OFN181_delayed_eigen_weight_111_ & Regular Wire of Net stream_eigen_weight[167]  ( M2 )
Bounds : ( 377.580, 117.970 ) ( 377.860, 118.350 )


SHORT: Regular Via of Net FE_OFN257_n_1 & Regular Wire of Net stream_eigen_weight[175]  ( M2 )
Bounds : ( 399.420, 127.705 ) ( 399.700, 128.430 )


SHORT: Regular Via of Net mac_inst/csa_tree_add_36_25_I16/FE_OFN46_submod_op_centred_pixels_68_ & Regular Wire of Net FE_OFN181_delayed_eigen_weight_111_  ( M2 )
Bounds : ( 376.460, 117.970 ) ( 376.740, 118.300 )


SHORT: Regular Wire of Net mac_inst/csa_tree_add_36_25_I16/FE_OFN46_submod_op_centred_pixels_68_ & Regular Wire of Net FE_OFN181_delayed_eigen_weight_111_  ( M2 )
Bounds : ( 376.460, 118.020 ) ( 377.300, 118.300 )


SHORT: Regular Via of Net FE_OFN251_n_1 & Regular Wire of Net mac_inst/csa_tree_add_36_25_I16/FE_OFN49_submod_op_centred_pixels_28_  ( M2 )
Bounds : ( 441.980, 128.265 ) ( 442.260, 128.990 )


SHORT: Regular Via of Net clk & Regular Wire of Net submod_op_centred_pixels[139]  ( M2 )
Bounds : ( 377.020, 207.570 ) ( 377.300, 207.950 )


SHORT: Regular Via of Net submod_op_centred_pixels[139] & Regular Wire of Net stream_eigen_weight[167]  ( M2 )
Bounds : ( 377.580, 151.570 ) ( 377.860, 151.950 )


SHORT: Regular Wire of Net submod_op_centred_pixels[154] & Regular Wire of Net FE_OFN257_n_1  ( M2 )
Bounds : ( 397.180, 146.580 ) ( 397.460, 146.860 )


SHORT: Regular Via of Net macmod_op_acc[23] & Regular Wire of Net submod_op_centred_pixels[154]  ( M2 )
Bounds : ( 403.900, 202.530 ) ( 404.180, 202.910 )


SHORT: Regular Via of Net mac_inst/FE_OFN264_n_572 & Regular Wire of Net submod_op_centred_pixels[154]  ( M2 )
Bounds : ( 403.900, 195.465 ) ( 404.180, 196.190 )


SHORT: Regular Wire of Net submod_op_centred_pixels[154] & Regular Wire of Net clk  ( M2 )
Bounds : ( 403.340, 161.700 ) ( 403.620, 161.980 )


SHORT: Regular Via of Net FE_OFN257_n_1 & Regular Wire of Net stream_eigen_weight[19]  ( M2 )
Bounds : ( 396.060, 146.530 ) ( 396.340, 146.910 )


SHORT: Regular Via of Net stream_eigen_weight[69] & Regular Wire of Net FE_OFN260_n_1  ( M2 )
Bounds : ( 394.940, 224.370 ) ( 395.220, 224.750 )


SHORT: Regular Via of Net FE_OFN260_n_1 & Regular Wire of Net stream_eigen_weight[69]  ( M2 )
Bounds : ( 395.500, 217.650 ) ( 395.780, 218.030 )


SHORT: Regular Via of Net stream_eigen_weight[76] & Regular Wire of Net FE_OFN257_n_1  ( M2 )
Bounds : ( 374.220, 168.370 ) ( 374.500, 168.750 )


SHORT: Regular Via of Net stream_eigen_weight[78] & Regular Wire of Net stream_eigen_weight[76]  ( M2 )
Bounds : ( 374.780, 162.770 ) ( 375.060, 163.150 )


SHORT: Regular Via of Net stream_eigen_weight[77] & Regular Wire of Net stream_eigen_weight[167]  ( M2 )
Bounds : ( 377.580, 157.170 ) ( 377.860, 157.550 )


SHORT: Regular Wire of Net stream_eigen_weight[78] & Regular Wire of Net FE_OFN257_n_1  ( M2 )
Bounds : ( 374.220, 162.820 ) ( 374.500, 163.100 )


SHORT: Regular Via of Net clk & Regular Wire of Net stream_eigen_weight[78]  ( M2 )
Bounds : ( 373.660, 156.825 ) ( 373.940, 157.550 )


SHORT: Regular Wire of Net stream_eigen_weight[167] & Regular Wire of Net FE_OFN260_n_1  ( M2 )
Bounds : ( 378.140, 224.420 ) ( 378.420, 224.700 )


SHORT: Regular Via of Net FE_OFN260_n_1 & Regular Wire of Net stream_eigen_weight[167]  ( M2 )
Bounds : ( 377.580, 214.290 ) ( 377.860, 214.670 )


SHORT: Regular Via of Net FE_OFN260_n_1 & Regular Wire of Net stream_eigen_weight[167]  ( M2 )
Bounds : ( 377.580, 180.690 ) ( 377.860, 181.070 )


SHORT: Regular Via of Net stream_eigen_weight[174] & Regular Wire of Net stream_eigen_weight[216]  ( M2 )
Bounds : ( 379.260, 157.170 ) ( 379.540, 157.550 )


SHORT: Regular Via of Net FE_OFN257_n_1 & Regular Wire of Net clk  ( M2 )
Bounds : ( 378.700, 158.290 ) ( 378.980, 158.670 )


SHORT: Regular Via of Net submod_op_centred_pixels[106] & Regular Wire of Net mac_inst/csa_tree_add_36_25_I16/FE_OFN49_submod_op_centred_pixels_28_  ( M2 )
Bounds : ( 441.980, 224.370 ) ( 442.260, 224.750 )


SHORT: Regular Wire of Net submod_op_centred_pixels[107] & Regular Wire of Net submod_op_centred_pixels[137]  ( M2 )
Bounds : ( 439.180, 224.420 ) ( 439.460, 224.700 )


SHORT: Regular Via of Net submod_op_centred_pixels[107] & Regular Wire of Net submod_op_centred_pixels[144]  ( M2 )
Bounds : ( 435.260, 150.450 ) ( 435.540, 150.830 )


SHORT: Regular Via of Net submod_op_centred_pixels[138] & Regular Wire of Net submod_op_centred_pixels[154]  ( M2 )
Bounds : ( 429.100, 218.770 ) ( 429.380, 219.150 )


SHORT: Regular Via of Net submod_op_centred_pixels[139] & Regular Wire of Net submod_op_centred_pixels[154]  ( M2 )
Bounds : ( 429.100, 212.825 ) ( 429.380, 213.550 )


SHORT: Regular Via of Net clk & Regular Wire of Net submod_op_centred_pixels[144]  ( M2 )
Bounds : ( 435.260, 168.370 ) ( 435.540, 168.750 )


SHORT: Regular Via of Net clk & Regular Wire of Net submod_op_centred_pixels[144]  ( M2 )
Bounds : ( 435.260, 145.970 ) ( 435.540, 146.350 )


SHORT: Regular Via of Net stream_eigen_weight[50] & Regular Wire of Net FE_OFN260_n_1  ( M2 )
Bounds : ( 426.300, 185.170 ) ( 426.580, 185.550 )


SHORT: Regular Via of Net FE_OFN260_n_1 & Regular Wire of Net stream_eigen_weight[50]  ( M2 )
Bounds : ( 425.740, 184.050 ) ( 426.020, 184.430 )


SHORT: Regular Via of Net FE_OFN251_n_1 & Regular Wire of Net stream_eigen_weight[50]  ( M2 )
Bounds : ( 425.740, 173.410 ) ( 426.020, 173.790 )


SHORT: Regular Via of Net FE_OFN251_n_1 & Regular Wire of Net stream_eigen_weight[50]  ( M2 )
Bounds : ( 425.740, 151.010 ) ( 426.020, 151.390 )


SHORT: Regular Via of Net clk & Regular Wire of Net mac_inst/csa_tree_add_36_25_I16/FE_OFN49_submod_op_centred_pixels_28_  ( M2 )
Bounds : ( 441.980, 174.185 ) ( 442.260, 174.910 )


SHORT: Regular Via of Net submod_op_centred_pixels[147] & Regular Wire of Net submod_op_centred_pixels[88]  ( M2 )
Bounds : ( 475.580, 101.170 ) ( 475.860, 101.550 )


SHORT: Regular Wire of Net submod_op_centred_pixels[136] & Regular Wire of Net stream_eigen_weight[162]  ( M2 )
Bounds : ( 472.780, 101.220 ) ( 473.060, 102.110 )


SHORT: Regular Via of Net FE_OFN255_n_1 & Regular Wire of Net submod_op_centred_pixels[89]  ( M2 )
Bounds : ( 470.540, 72.610 ) ( 470.820, 72.990 )


SHORT: Regular Via of Net submod_op_centred_pixels[89] & Regular Wire of Net FE_OFN255_n_1  ( M2 )
Bounds : ( 471.100, 72.050 ) ( 471.380, 72.430 )


SHORT: Regular Via of Net submod_op_centred_pixels[127] & Regular Wire of Net stream_eigen_weight[146]  ( M2 )
Bounds : ( 492.940, 82.905 ) ( 493.220, 83.630 )


SHORT: Regular Wire of Net submod_op_centred_pixels[129] & Regular Wire of Net stream_eigen_weight[162]  ( M2 )
Bounds : ( 472.780, 83.300 ) ( 473.060, 83.580 )


SHORT: Regular Wire of Net submod_op_centred_pixels[148] & Regular Wire of Net FE_OFN255_n_1  ( M2 )
Bounds : ( 467.180, 101.220 ) ( 467.460, 101.500 )


SHORT: Regular Wire of Net stream_eigen_weight[162] & Regular Wire of Net stream_valid  ( M2 )
Bounds : ( 472.780, 72.660 ) ( 473.060, 72.940 )


SHORT: Regular Via of Net FE_OFN255_n_1 & Regular Wire of Net stream_eigen_weight[241]  ( M2 )
Bounds : ( 486.220, 83.465 ) ( 486.500, 84.190 )


SHORT: Regular Via of Net stream_valid & Regular Wire of Net FE_OFN255_n_1  ( M2 )
Bounds : ( 467.180, 79.380 ) ( 467.460, 79.710 )


SHORT: Regular Via of Net clk & Regular Wire of Net FE_OFN255_n_1  ( M2 )
Bounds : ( 467.180, 83.465 ) ( 467.460, 84.190 )


SHORT: Regular Via of Net clk & Regular Wire of Net submod_op_centred_pixels[88]  ( M2 )
Bounds : ( 475.580, 123.570 ) ( 475.860, 123.950 )


SHORT: Regular Via of Net FE_OFN251_n_1 & Regular Wire of Net submod_op_centred_pixels[98]  ( M2 )
Bounds : ( 459.340, 139.810 ) ( 459.620, 140.190 )


SHORT: Regular Wire of Net submod_op_centred_pixels[106] & Regular Wire of Net submod_op_centred_pixels[158]  ( M2 )
Bounds : ( 461.580, 124.740 ) ( 461.860, 125.020 )


SHORT: Regular Via of Net stream_eigen_weight[162] & Regular Wire of Net submod_op_centred_pixels[136]  ( M2 )
Bounds : ( 472.220, 140.370 ) ( 472.500, 140.750 )


SHORT: Regular Wire of Net submod_op_centred_pixels[136] & Regular Wire of Net submod_op_centred_pixels[146]  ( M2 )
Bounds : ( 472.220, 111.300 ) ( 472.500, 111.580 )


SHORT: Regular Wire of Net submod_op_centred_pixels[146] & Regular Wire of Net stream_eigen_weight[162]  ( M2 )
Bounds : ( 472.780, 111.300 ) ( 473.060, 111.580 )


SHORT: Regular Wire of Net submod_op_centred_pixels[148] & Regular Wire of Net clk  ( M2 )
Bounds : ( 466.620, 118.020 ) ( 466.900, 118.300 )


SHORT: Regular Via of Net clk & Regular Wire of Net submod_op_centred_pixels[148]  ( M2 )
Bounds : ( 466.620, 106.210 ) ( 466.900, 106.590 )


SHORT: Regular Via of Net FE_OFN255_n_1 & Regular Wire of Net submod_op_centred_pixels[148]  ( M2 )
Bounds : ( 466.620, 101.730 ) ( 466.900, 102.110 )


SHORT: Regular Via of Net FE_OFN251_n_1 & Regular Wire of Net submod_op_centred_pixels[158]  ( M2 )
Bounds : ( 461.580, 134.770 ) ( 461.860, 135.150 )


SHORT: Regular Via of Net FE_OFN180_delayed_eigen_weight_112_ & Regular Wire of Net submod_op_centred_pixels[158]  ( M2 )
Bounds : ( 461.580, 128.050 ) ( 461.860, 128.430 )


SHORT: Regular Via of Net FE_OFN255_n_1 & Regular Wire of Net submod_op_centred_pixels[158]  ( M2 )
Bounds : ( 461.580, 117.065 ) ( 461.860, 117.790 )


SHORT: Regular Via of Net clk & Regular Wire of Net stream_eigen_weight[82]  ( M2 )
Bounds : ( 469.420, 135.330 ) ( 469.700, 135.710 )


SHORT: Regular Via of Net stream_eigen_weight[128] & Regular Wire of Net FE_OFN258_n_1  ( M2 )
Bounds : ( 487.290, 139.300 ) ( 487.670, 139.580 )


SHORT: Regular Wire of Net stream_eigen_weight[241] & Regular Wire of Net clk  ( M2 )
Bounds : ( 486.220, 134.820 ) ( 486.500, 135.100 )


SHORT: Regular Via of Net FE_OFN255_n_1 & Regular Wire of Net stream_eigen_weight[241]  ( M2 )
Bounds : ( 486.220, 106.210 ) ( 486.500, 106.590 )


SHORT: Regular Wire of Net clk & Regular Wire of Net FE_OFN255_n_1  ( M2 )
Bounds : ( 467.180, 106.260 ) ( 467.460, 106.540 )


SHORT: Regular Via of Net FE_OFN251_n_1 & Regular Wire of Net mac_inst/csa_tree_add_36_25_I16/FE_OFN50_submod_op_centred_pixels_27_  ( M2 )
Bounds : ( 456.540, 139.465 ) ( 456.820, 140.190 )


SHORT: Regular Wire of Net FE_OFN180_delayed_eigen_weight_112_ & Regular Wire of Net FE_OFN251_n_1  ( M2 )
Bounds : ( 462.140, 134.820 ) ( 462.420, 135.100 )


SHORT: Regular Wire of Net FE_OFN251_n_1 & Regular Wire of Net FE_OFN255_n_1  ( M2 )
Bounds : ( 464.380, 134.820 ) ( 464.660, 135.100 )


SHORT: Regular Via of Net FE_OFN251_n_1 & Regular Wire of Net FE_OFN260_n_1  ( M2 )
Bounds : ( 455.420, 139.860 ) ( 455.700, 140.750 )


SHORT: Regular Via of Net FE_OFN258_n_1 & Regular Wire of Net submod_op_centred_pixels[87]  ( M2 )
Bounds : ( 499.660, 128.050 ) ( 499.940, 128.430 )


SHORT: Regular Via of Net stream_eigen_weight[49] & Regular Wire of Net submod_op_centred_pixels[87]  ( M2 )
Bounds : ( 499.660, 112.370 ) ( 499.940, 112.750 )


SHORT: Regular Via of Net FE_OFN255_n_1 & Regular Wire of Net submod_op_centred_pixels[87]  ( M2 )
Bounds : ( 499.660, 78.985 ) ( 499.940, 79.710 )


SHORT: Regular Wire of Net submod_op_centred_pixels[87] & Regular Wire of Net stream_eigen_weight[224]  ( M2 )
Bounds : ( 501.340, 67.620 ) ( 501.620, 67.900 )


SHORT: Regular Via of Net macmod_op_acc[28] & Regular Wire of Net submod_op_centred_pixels[91]  ( M2 )
Bounds : ( 533.820, 141.490 ) ( 534.100, 141.870 )


SHORT: Regular Via of Net submod_op_centred_pixels[140] & Regular Wire of Net submod_op_centred_pixels[102]  ( M2 )
Bounds : ( 520.940, 139.250 ) ( 521.220, 139.630 )


SHORT: Regular Via of Net FE_OFN258_n_1 & Regular Wire of Net submod_op_centred_pixels[102]  ( M2 )
Bounds : ( 520.940, 128.265 ) ( 521.220, 128.990 )


SHORT: Regular Via of Net submod_op_centred_pixels[123] & Regular Via of Net macmod_op_acc[28]  ( M3 )
Bounds : ( 535.450, 142.100 ) ( 535.830, 142.380 )


SHORT: Regular Via of Net FE_OFN251_n_1 & Regular Wire of Net submod_op_centred_pixels[125]  ( M2 )
Bounds : ( 537.180, 139.860 ) ( 537.460, 140.140 )


SHORT: Regular Via of Net FE_OFN258_n_1 & Regular Wire of Net submod_op_centred_pixels[133]  ( M2 )
Bounds : ( 518.700, 112.930 ) ( 518.980, 113.310 )


SHORT: Regular Via of Net clk & Regular Wire of Net submod_op_centred_pixels[134]  ( M2 )
Bounds : ( 522.620, 129.170 ) ( 522.900, 129.550 )


SHORT: Regular Via of Net clk & Regular Wire of Net submod_op_centred_pixels[134]  ( M2 )
Bounds : ( 522.620, 112.370 ) ( 522.900, 112.750 )


SHORT: Regular Wire of Net submod_op_centred_pixels[141] & Regular Wire of Net FE_OFN258_n_1  ( M2 )
Bounds : ( 500.780, 128.100 ) ( 501.060, 128.380 )


SHORT: Regular Via of Net stream_eigen_weight[224] & Regular Wire of Net submod_op_centred_pixels[141]  ( M2 )
Bounds : ( 500.780, 118.020 ) ( 501.060, 118.350 )


SHORT: Regular Via of Net submod_op_centred_pixels[141] & Regular Wire of Net stream_eigen_weight[224]  ( M2 )
Bounds : ( 500.780, 118.020 ) ( 501.110, 118.300 )


SHORT: Regular Via of Net stream_eigen_weight[1] & Regular Wire of Net stream_eigen_weight[224]  ( M2 )
Bounds : ( 501.340, 101.170 ) ( 501.620, 101.550 )


SHORT: Regular Wire of Net stream_eigen_weight[48] & Regular Wire of Net FE_OFN146_delayed_eigen_weight_146_  ( M2 )
Bounds : ( 509.740, 105.700 ) ( 510.020, 105.980 )


SHORT: Regular Wire of Net stream_eigen_weight[129] & Regular Wire of Net FE_OFN258_n_1  ( M2 )
Bounds : ( 500.220, 128.100 ) ( 500.500, 128.380 )


SHORT: Regular Via of Net clk & Regular Wire of Net stream_eigen_weight[224]  ( M2 )
Bounds : ( 501.340, 95.010 ) ( 501.620, 95.390 )


SHORT: Regular Wire of Net stream_eigen_weight[224] & Regular Wire of Net clk  ( M2 )
Bounds : ( 501.340, 78.820 ) ( 501.620, 79.100 )


SHORT: Regular Wire of Net clk & Regular Wire of Net FE_OFN258_n_1  ( M2 )
Bounds : ( 504.140, 118.020 ) ( 504.420, 118.300 )


SHORT: Regular Via of Net FE_OFN258_n_1 & Regular Wire of Net clk  ( M2 )
Bounds : ( 500.730, 95.060 ) ( 501.110, 95.340 )


SHORT: Regular Via of Net FE_OFN251_n_1 & Regular Wire of Net clk  ( M2 )
Bounds : ( 525.370, 95.620 ) ( 525.750, 95.900 )


SHORT: Regular Via of Net FE_OFN258_n_1 & Regular Wire of Net FE_OFN120_delayed_eigen_weight_192_  ( M2 )
Bounds : ( 536.620, 79.890 ) ( 536.900, 80.270 )


SHORT: Regular Wire of Net FE_OFN146_delayed_eigen_weight_146_ & Regular Wire of Net FE_OFN258_n_1  ( M2 )
Bounds : ( 509.180, 105.700 ) ( 509.460, 105.980 )


SHORT: Regular Via of Net FE_OFN163_delayed_eigen_weight_129_ & Regular Wire of Net FE_OFN202_delayed_eigen_weight_49_  ( M2 )
Bounds : ( 517.020, 128.050 ) ( 517.300, 128.430 )


SHORT: Regular Via of Net FE_OFN258_n_1 & Regular Wire of Net FE_OFN248_delayed_eigen_weight_1_  ( M2 )
Bounds : ( 518.140, 112.980 ) ( 518.420, 113.260 )


SHORT: Regular Via of Net macmod_op_acc[27] & Regular Wire of Net submod_op_centred_pixels[88]  ( M2 )
Bounds : ( 475.580, 151.010 ) ( 475.860, 151.390 )


SHORT: Regular Via of Net clk & Regular Wire of Net submod_op_centred_pixels[98]  ( M2 )
Bounds : ( 459.340, 201.970 ) ( 459.620, 202.350 )


SHORT: Regular Via of Net submod_op_centred_pixels[105] & Regular Wire of Net macmod_op_acc[26]  ( M2 )
Bounds : ( 481.180, 212.825 ) ( 481.460, 213.550 )


SHORT: Regular Via of Net clk & Regular Wire of Net submod_op_centred_pixels[105]  ( M2 )
Bounds : ( 477.260, 163.330 ) ( 477.540, 163.710 )


SHORT: Regular Wire of Net submod_op_centred_pixels[106] & Regular Wire of Net submod_op_centred_pixels[158]  ( M2 )
Bounds : ( 461.580, 218.820 ) ( 461.860, 219.100 )


SHORT: Regular Via of Net FE_OFN232_delayed_eigen_weight_18_ & Regular Wire of Net submod_op_centred_pixels[126]  ( M2 )
Bounds : ( 478.940, 184.050 ) ( 479.220, 184.430 )


SHORT: Regular Wire of Net submod_op_centred_pixels[126] & Regular Wire of Net clk  ( M2 )
Bounds : ( 478.940, 163.380 ) ( 479.220, 163.660 )


SHORT: Regular Via of Net FE_OFN251_n_1 & Regular Wire of Net submod_op_centred_pixels[136]  ( M2 )
Bounds : ( 472.220, 172.505 ) ( 472.500, 173.230 )


SHORT: Regular Via of Net clk & Regular Wire of Net submod_op_centred_pixels[148]  ( M2 )
Bounds : ( 466.620, 212.825 ) ( 466.900, 213.550 )


SHORT: Regular Via of Net FE_OFN251_n_1 & Regular Wire of Net submod_op_centred_pixels[148]  ( M2 )
Bounds : ( 466.620, 169.490 ) ( 466.900, 169.870 )


SHORT: Regular Via of Net FE_OFN258_n_1 & Regular Wire of Net submod_op_centred_pixels[158]  ( M2 )
Bounds : ( 461.580, 184.050 ) ( 461.860, 184.430 )


SHORT: Regular Via of Net macmod_op_acc[26] & Regular Wire of Net stream_eigen_weight[67]  ( M2 )
Bounds : ( 457.100, 157.385 ) ( 457.380, 158.110 )


SHORT: Regular Via of Net stream_eigen_weight[240] & Regular Wire of Net macmod_op_acc[27]  ( M2 )
Bounds : ( 489.020, 173.970 ) ( 489.300, 174.350 )


SHORT: Regular Wire of Net macmod_op_acc[27] & Regular Wire of Net clk  ( M2 )
Bounds : ( 489.020, 156.660 ) ( 489.300, 156.940 )


SHORT: Regular Via of Net stream_eigen_weight[18] & Regular Wire of Net FE_OFN258_n_1  ( M2 )
Bounds : ( 462.090, 184.100 ) ( 462.470, 184.380 )


SHORT: Regular Wire of Net stream_eigen_weight[65] & Regular Wire of Net FE_OFN218_delayed_eigen_weight_32_  ( M2 )
Bounds : ( 455.420, 174.020 ) ( 455.700, 174.300 )


SHORT: Regular Via of Net FE_OFN218_delayed_eigen_weight_32_ & Regular Wire of Net stream_eigen_weight[65]  ( M2 )
Bounds : ( 454.860, 172.850 ) ( 455.140, 173.230 )


SHORT: Regular Via of Net stream_eigen_weight[65] & Regular Wire of Net mac_inst/csa_tree_add_36_25_I16/FE_OFN50_submod_op_centred_pixels_27_  ( M2 )
Bounds : ( 456.540, 173.970 ) ( 456.820, 174.350 )


SHORT: Regular Via of Net stream_eigen_weight[67] & Regular Wire of Net FE_OFN218_delayed_eigen_weight_32_  ( M2 )
Bounds : ( 455.420, 201.970 ) ( 455.700, 202.350 )


SHORT: Regular Wire of Net stream_eigen_weight[67] & Regular Wire of Net mac_inst/csa_tree_add_36_25_I16/FE_OFN50_submod_op_centred_pixels_27_  ( M2 )
Bounds : ( 456.540, 202.020 ) ( 456.820, 202.300 )


SHORT: Regular Via of Net clk & Regular Wire of Net stream_eigen_weight[82]  ( M2 )
Bounds : ( 469.420, 157.730 ) ( 469.700, 158.110 )


SHORT: Regular Via of Net stream_eigen_weight[130] & Regular Wire of Net FE_OFN258_n_1  ( M2 )
Bounds : ( 486.780, 145.625 ) ( 487.060, 146.350 )


SHORT: Regular Via of Net FE_OFN251_n_1 & Regular Wire of Net stream_eigen_weight[241]  ( M2 )
Bounds : ( 486.220, 146.745 ) ( 486.500, 147.470 )


SHORT: Regular Wire of Net FE_OFN217_delayed_eigen_weight_33_ & Regular Wire of Net FE_OFN251_n_1  ( M2 )
Bounds : ( 483.980, 169.540 ) ( 484.820, 169.820 )


SHORT: Regular Via of Net submod_op_centred_pixels[103] & Regular Wire of Net submod_op_centred_pixels[85]  ( M2 )
Bounds : ( 502.460, 179.570 ) ( 502.740, 179.950 )


SHORT: Regular Via of Net FE_OFN82_delayed_eigen_weight_241_ & Regular Wire of Net submod_op_centred_pixels[85]  ( M2 )
Bounds : ( 502.460, 169.490 ) ( 502.740, 169.870 )


SHORT: Regular Via of Net submod_op_centred_pixels[90] & Regular Wire of Net submod_op_centred_pixels[142]  ( M2 )
Bounds : ( 528.780, 224.370 ) ( 529.060, 224.750 )


SHORT: Regular Via of Net submod_op_centred_pixels[100] & Regular Wire of Net submod_op_centred_pixels[125]  ( M2 )
Bounds : ( 537.180, 157.170 ) ( 537.460, 157.550 )


SHORT: Regular Via of Net macmod_op_acc[28] & Regular Wire of Net submod_op_centred_pixels[102]  ( M2 )
Bounds : ( 520.940, 146.530 ) ( 521.220, 146.910 )


SHORT: Regular Wire of Net submod_op_centred_pixels[102] & Regular Wire of Net FE_OFN202_delayed_eigen_weight_49_  ( M2 )
Bounds : ( 520.380, 174.020 ) ( 520.660, 174.300 )


SHORT: Regular Via of Net submod_op_centred_pixels[133] & Regular Wire of Net submod_op_centred_pixels[103]  ( M2 )
Bounds : ( 516.460, 190.770 ) ( 516.740, 191.150 )


SHORT: Regular Via of Net submod_op_centred_pixels[103] & Regular Wire of Net submod_op_centred_pixels[133]  ( M2 )
Bounds : ( 518.700, 196.370 ) ( 518.980, 196.750 )


SHORT: Regular Via of Net submod_op_centred_pixels[134] & Regular Wire of Net submod_op_centred_pixels[104]  ( M2 )
Bounds : ( 507.500, 201.970 ) ( 507.780, 202.350 )


SHORT: Regular Wire of Net submod_op_centred_pixels[125] & Regular Wire of Net submod_op_centred_pixels[143]  ( M2 )
Bounds : ( 537.180, 213.220 ) ( 537.460, 213.500 )


SHORT: Regular Via of Net mac_inst/csa_tree_add_36_25_I16/FE_OFN60_submod_op_centred_pixels_11_ & Regular Wire of Net submod_op_centred_pixels[125]  ( M2 )
Bounds : ( 537.180, 179.570 ) ( 537.460, 179.950 )


SHORT: Regular Via of Net submod_op_centred_pixels[141] & Regular Wire of Net submod_op_centred_pixels[125]  ( M2 )
Bounds : ( 537.180, 168.025 ) ( 537.460, 168.750 )


SHORT: Regular Via of Net submod_op_centred_pixels[140] & Regular Wire of Net FE_OFN146_delayed_eigen_weight_146_  ( M2 )
Bounds : ( 531.580, 151.570 ) ( 531.860, 151.950 )


SHORT: Regular Via of Net mac_inst/csa_tree_add_36_25_I16/FE_OFN272_n_4815 & Regular Wire of Net submod_op_centred_pixels[145]  ( M2 )
Bounds : ( 498.540, 225.490 ) ( 498.820, 225.870 )


SHORT: Regular Via of Net FE_OFN258_n_1 & Regular Wire of Net submod_op_centred_pixels[145]  ( M2 )
Bounds : ( 498.540, 179.785 ) ( 498.820, 180.510 )


SHORT: Regular Wire of Net submod_op_centred_pixels[91] & Regular Wire of Net FE_OFN141_delayed_eigen_weight_151_  ( M2 )
Bounds : ( 411.180, 330.820 ) ( 411.460, 331.100 )


SHORT: Regular Via of Net submod_op_centred_pixels[103] & Regular Wire of Net submod_op_centred_pixels[143]  ( M2 )
Bounds : ( 400.540, 297.170 ) ( 400.820, 297.550 )


SHORT: Regular Via of Net submod_op_centred_pixels[137] & Regular Wire of Net submod_op_centred_pixels[105]  ( M2 )
Bounds : ( 389.340, 285.625 ) ( 389.620, 286.350 )


SHORT: Regular Wire of Net submod_op_centred_pixels[106] & Regular Wire of Net submod_op_centred_pixels[138]  ( M2 )
Bounds : ( 403.340, 258.020 ) ( 403.620, 258.300 )


SHORT: Regular Via of Net submod_op_centred_pixels[106] & Regular Wire of Net submod_op_centred_pixels[138]  ( M2 )
Bounds : ( 403.900, 263.570 ) ( 404.180, 263.950 )


SHORT: Regular Via of Net mac_inst/csa_tree_add_36_25_I16/FE_OFN2_submod_op_centred_pixels_155_ & Regular Wire of Net submod_op_centred_pixels[115]  ( M2 )
Bounds : ( 396.060, 381.170 ) ( 396.340, 381.550 )


SHORT: Regular Via of Net submod_op_centred_pixels[117] & Regular Wire of Net submod_op_centred_pixels[141]  ( M2 )
Bounds : ( 405.580, 375.570 ) ( 405.860, 375.950 )


SHORT: Regular Via of Net submod_op_centred_pixels[120] & Regular Wire of Net submod_op_centred_pixels[140]  ( M2 )
Bounds : ( 423.500, 313.970 ) ( 423.780, 314.350 )


SHORT: Regular Wire of Net submod_op_centred_pixels[134] & Regular Wire of Net mac_inst/csa_tree_add_36_25_I16/FE_OFN48_submod_op_centred_pixels_66_  ( M2 )
Bounds : ( 408.940, 370.020 ) ( 409.220, 370.300 )


SHORT: Regular Wire of Net submod_op_centred_pixels[141] & Regular Wire of Net FE_OFN135_delayed_eigen_weight_177_  ( M2 )
Bounds : ( 405.580, 370.580 ) ( 405.860, 370.860 )


SHORT: Regular Via of Net FE_OFN197_delayed_eigen_weight_55_ & Regular Wire of Net submod_op_centred_pixels[143]  ( M2 )
Bounds : ( 400.540, 274.425 ) ( 400.820, 275.150 )


SHORT: Regular Via of Net submod_op_centred_pixels[152] & Regular Wire of Net submod_op_centred_pixels[156]  ( M2 )
Bounds : ( 434.700, 353.170 ) ( 434.980, 353.550 )


SHORT: Regular Via of Net submod_op_centred_pixels[156] & Regular Wire of Net mac_inst/csa_tree_add_36_25_I16/FE_OFN275_n_5025  ( M2 )
Bounds : ( 398.300, 308.370 ) ( 398.580, 308.750 )


SHORT: Regular Via of Net FE_OFN22_submod_op_centred_pixels_113_ & Regular Wire of Net submod_op_centred_pixels[156]  ( M2 )
Bounds : ( 434.700, 375.570 ) ( 434.980, 375.950 )


SHORT: Regular Via of Net FE_OFN136_delayed_eigen_weight_176_ & Regular Wire of Net macmod_op_acc[23]  ( M2 )
Bounds : ( 413.420, 241.170 ) ( 413.700, 241.550 )


SHORT: Regular Via of Net FE_OFN132_delayed_eigen_weight_180_ & Regular Wire of Net mac_inst/csa_tree_add_36_25_I16/FE_OFN38_submod_op_centred_pixels_77_  ( M2 )
Bounds : ( 440.860, 386.770 ) ( 441.140, 387.150 )


SHORT: Regular Via of Net FE_OFN197_delayed_eigen_weight_55_ & Regular Wire of Net mac_inst/csa_tree_add_36_25_I16/FE_OFN275_n_5025  ( M2 )
Bounds : ( 398.300, 319.225 ) ( 398.580, 319.950 )


SHORT: Regular Via of Net FE_OFN246_delayed_eigen_weight_3_ & Regular Wire of Net submod_op_centred_pixels[85]  ( M2 )
Bounds : ( 502.460, 274.425 ) ( 502.740, 275.150 )


SHORT: Regular Via of Net submod_op_centred_pixels[103] & Regular Wire of Net submod_op_centred_pixels[85]  ( M2 )
Bounds : ( 502.460, 257.970 ) ( 502.740, 258.350 )


SHORT: Regular Wire of Net submod_op_centred_pixels[90] & Regular Wire of Net submod_op_centred_pixels[92]  ( M2 )
Bounds : ( 529.340, 302.820 ) ( 529.620, 303.100 )


SHORT: Regular Via of Net submod_op_centred_pixels[101] & Regular Wire of Net mac_inst/csa_tree_add_36_25_I16/FE_OFN10_submod_op_centred_pixels_133_  ( M2 )
Bounds : ( 486.220, 297.170 ) ( 486.500, 297.550 )


SHORT: Regular Via of Net submod_op_centred_pixels[103] & Regular Wire of Net mac_inst/csa_tree_add_36_25_I16/FE_OFN10_submod_op_centred_pixels_133_  ( M2 )
Bounds : ( 517.020, 241.170 ) ( 517.300, 241.550 )


SHORT: Regular Via of Net submod_op_centred_pixels[104] & Regular Wire of Net submod_op_centred_pixels[105]  ( M2 )
Bounds : ( 472.220, 252.370 ) ( 472.500, 252.750 )


SHORT: Regular Via of Net submod_op_centred_pixels[105] & Regular Wire of Net submod_op_centred_pixels[104]  ( M2 )
Bounds : ( 473.900, 235.570 ) ( 474.180, 235.950 )


SHORT: Regular Wire of Net submod_op_centred_pixels[126] & Regular Wire of Net mac_inst/csa_tree_add_36_25_I16/FE_OFN7_submod_op_centred_pixels_147_  ( M2 )
Bounds : ( 478.940, 269.170 ) ( 479.220, 269.500 )


SHORT: Regular Via of Net submod_op_centred_pixels[133] & Regular Wire of Net submod_op_centred_pixels[134]  ( M2 )
Bounds : ( 522.620, 235.225 ) ( 522.900, 235.950 )


SHORT: Regular Via of Net mac_inst/csa_tree_add_36_25_I16/FE_OFN10_submod_op_centred_pixels_133_ & Regular Wire of Net submod_op_centred_pixels[133]  ( M2 )
Bounds : ( 518.700, 235.570 ) ( 518.980, 235.900 )


SHORT: Regular Via of Net submod_op_centred_pixels[133] & Regular Wire of Net mac_inst/csa_tree_add_36_25_I16/FE_OFN10_submod_op_centred_pixels_133_  ( M2 )
Bounds : ( 517.020, 235.620 ) ( 517.300, 235.950 )


SHORT: Regular Wire of Net submod_op_centred_pixels[133] & Regular Wire of Net mac_inst/csa_tree_add_36_25_I16/FE_OFN10_submod_op_centred_pixels_133_  ( M2 )
Bounds : ( 517.020, 235.620 ) ( 518.980, 235.900 )


SHORT: Regular Via of Net FE_OFN198_delayed_eigen_weight_53_ & Regular Wire of Net submod_op_centred_pixels[134]  ( M2 )
Bounds : ( 522.620, 292.345 ) ( 522.900, 293.070 )


SHORT: Regular Via of Net submod_op_centred_pixels[134] & Regular Wire of Net FE_OFN144_delayed_eigen_weight_148_  ( M2 )
Bounds : ( 523.180, 269.170 ) ( 523.460, 269.550 )


SHORT: Regular Wire of Net submod_op_centred_pixels[158] & Regular Wire of Net FE_OFN83_delayed_eigen_weight_240_  ( M2 )
Bounds : ( 461.580, 258.020 ) ( 462.420, 258.300 )


SHORT: Regular Via of Net FE_OFN83_delayed_eigen_weight_240_ & Regular Wire of Net submod_op_centred_pixels[158]  ( M2 )
Bounds : ( 461.580, 257.970 ) ( 461.860, 258.300 )


SHORT: Regular Via of Net FE_OFN217_delayed_eigen_weight_33_ & Regular Wire of Net mac_inst/csa_tree_add_36_25_I16/FE_OFN50_submod_op_centred_pixels_27_  ( M2 )
Bounds : ( 456.540, 252.370 ) ( 456.820, 252.700 )


SHORT: Regular Via of Net mac_inst/csa_tree_add_36_25_I16/FE_OFN50_submod_op_centred_pixels_27_ & Regular Wire of Net FE_OFN217_delayed_eigen_weight_33_  ( M2 )
Bounds : ( 455.420, 252.370 ) ( 455.700, 252.700 )


SHORT: Regular Wire of Net mac_inst/csa_tree_add_36_25_I16/FE_OFN50_submod_op_centred_pixels_27_ & Regular Wire of Net FE_OFN217_delayed_eigen_weight_33_  ( M2 )
Bounds : ( 455.420, 252.420 ) ( 456.820, 252.700 )


SHORT: Regular Via of Net FE_OFN144_delayed_eigen_weight_148_ & Regular Wire of Net FE_OFN199_delayed_eigen_weight_52_  ( M2 )
Bounds : ( 524.300, 263.620 ) ( 524.580, 263.950 )


SHORT: Regular Wire of Net FE_OFN144_delayed_eigen_weight_148_ & Regular Wire of Net FE_OFN199_delayed_eigen_weight_52_  ( M2 )
Bounds : ( 523.740, 263.620 ) ( 524.580, 263.900 )


SHORT: Regular Wire of Net submod_op_centred_pixels[85] & Regular Wire of Net mac_inst/csa_tree_add_36_25_I16/FE_OFN242_delayed_eigen_weight_7_  ( M2 )
Bounds : ( 502.460, 358.770 ) ( 502.740, 363.020 )


SHORT: Regular Via of Net submod_op_centred_pixels[117] & Regular Wire of Net FE_OFN135_delayed_eigen_weight_177_  ( M2 )
Bounds : ( 487.340, 319.620 ) ( 487.620, 319.900 )


SHORT: Regular Via of Net submod_op_centred_pixels[125] & Regular Wire of Net FE_OFN117_delayed_eigen_weight_195_  ( M2 )
Bounds : ( 537.180, 364.420 ) ( 537.510, 364.700 )


SHORT: Regular Via of Net FE_OFN117_delayed_eigen_weight_195_ & Regular Wire of Net submod_op_centred_pixels[125]  ( M2 )
Bounds : ( 537.180, 364.370 ) ( 537.460, 364.700 )


SHORT: Regular Via of Net FE_OFN98_delayed_eigen_weight_225_ & Regular Wire of Net submod_op_centred_pixels[125]  ( M2 )
Bounds : ( 537.180, 313.970 ) ( 537.460, 314.350 )


SHORT: Regular Via of Net mac_inst/csa_tree_add_36_25_I16/FE_OFN229_delayed_eigen_weight_21_ & Regular Wire of Net submod_op_centred_pixels[144]  ( M2 )
Bounds : ( 505.820, 341.970 ) ( 506.100, 342.350 )


SHORT: Regular Via of Net mac_inst/csa_tree_add_36_25_I16/FE_OFN1_submod_op_centred_pixels_157_ & Regular Via of Net FE_OFN82_delayed_eigen_weight_241_  ( M3 )
Bounds : ( 473.850, 394.660 ) ( 474.230, 394.940 )


SHORT: Regular Via of Net FE_OFN135_delayed_eigen_weight_177_ & Regular Wire of Net mac_inst/csa_tree_add_36_25_I16/FE_OFN10_submod_op_centred_pixels_133_  ( M2 )
Bounds : ( 486.220, 319.570 ) ( 486.500, 319.950 )


SHORT: Regular Wire of Net mac_inst/csa_tree_add_36_25_I16/FE_OFN40_submod_op_centred_pixels_75_ & Regular Wire of Net FE_OFN134_delayed_eigen_weight_178_  ( M2 )
Bounds : ( 478.380, 375.620 ) ( 478.660, 375.900 )


SHORT: Regular Wire of Net mac_inst/csa_tree_add_36_25_I16/FE_OFN67_submod_op_centred_pixels_4_ & Regular Wire of Net FE_OFN96_delayed_eigen_weight_227_  ( M2 )
Bounds : ( 525.420, 375.620 ) ( 525.700, 375.900 )


SHORT: Regular Wire of Net mac_inst/csa_tree_add_36_25_I16/FE_OFN67_submod_op_centred_pixels_4_ & Regular Wire of Net FE_OFN245_delayed_eigen_weight_4_  ( M2 )
Bounds : ( 525.980, 358.820 ) ( 526.820, 359.100 )


SHORT: Regular Via of Net FE_OFN143_delayed_eigen_weight_149_ & Regular Wire of Net FE_OFN199_delayed_eigen_weight_52_  ( M2 )
Bounds : ( 532.140, 375.570 ) ( 532.420, 375.950 )


SHORT: Regular Wire of Net submod_op_centred_pixels[81] & Regular Wire of Net FE_OFN97_delayed_eigen_weight_226_  ( M2 )
Bounds : ( 561.820, 140.420 ) ( 562.100, 140.700 )


SHORT: Regular Via of Net FE_OFN180_delayed_eigen_weight_112_ & Regular Wire of Net submod_op_centred_pixels[83]  ( M2 )
Bounds : ( 574.700, 140.370 ) ( 574.980, 140.750 )


SHORT: Regular Via of Net submod_op_centred_pixels[90] & Regular Wire of Net clk  ( M2 )
Bounds : ( 567.980, 89.970 ) ( 568.260, 90.350 )


SHORT: Regular Via of Net submod_op_centred_pixels[101] & Regular Wire of Net submod_op_centred_pixels[92]  ( M2 )
Bounds : ( 547.820, 134.770 ) ( 548.100, 135.150 )


SHORT: Regular Via of Net submod_op_centred_pixels[100] & Regular Wire of Net submod_op_centred_pixels[92]  ( M2 )
Bounds : ( 547.820, 89.970 ) ( 548.100, 90.350 )


SHORT: Regular Wire of Net submod_op_centred_pixels[92] & Regular Wire of Net FE_OFN97_delayed_eigen_weight_226_  ( M2 )
Bounds : ( 561.820, 73.220 ) ( 562.100, 73.500 )


SHORT: Regular Via of Net submod_op_centred_pixels[93] & Regular Wire of Net FE_OFN97_delayed_eigen_weight_226_  ( M2 )
Bounds : ( 561.820, 89.970 ) ( 562.100, 90.350 )


SHORT: Regular Via of Net FE_OFN251_n_1 & Regular Wire of Net submod_op_centred_pixels[100]  ( M2 )
Bounds : ( 557.340, 106.210 ) ( 557.620, 106.590 )


SHORT: Regular Via of Net submod_op_centred_pixels[120] & Regular Via of Net clk  ( M3 )
Bounds : ( 540.490, 84.980 ) ( 541.430, 85.260 )


SHORT: Regular Via of Net FE_OFN258_n_1 & Regular Wire of Net submod_op_centred_pixels[121]  ( M2 )
Bounds : ( 551.180, 134.770 ) ( 551.460, 135.150 )


SHORT: Regular Wire of Net submod_op_centred_pixels[132] & Regular Wire of Net clk  ( M2 )
Bounds : ( 584.220, 90.020 ) ( 584.500, 90.300 )


SHORT: Regular Wire of Net submod_op_centred_pixels[141] & Regular Wire of Net FE_OFN251_n_1  ( M2 )
Bounds : ( 553.420, 134.820 ) ( 554.820, 135.100 )


SHORT: Regular Via of Net FE_OFN120_delayed_eigen_weight_192_ & Regular Wire of Net FE_OFN251_n_1  ( M2 )
Bounds : ( 554.540, 112.370 ) ( 554.820, 112.750 )


SHORT: Regular Via of Net FE_OFN231_delayed_eigen_weight_19_ & Regular Wire of Net submod_op_centred_pixels[81]  ( M2 )
Bounds : ( 559.580, 218.770 ) ( 559.860, 219.150 )


SHORT: Regular Via of Net submod_op_centred_pixels[81] & Regular Wire of Net FE_OFN233_delayed_eigen_weight_17_  ( M2 )
Bounds : ( 559.020, 179.570 ) ( 559.300, 179.950 )


SHORT: Regular Via of Net FE_OFN164_delayed_eigen_weight_128_ & Regular Wire of Net submod_op_centred_pixels[83]  ( M2 )
Bounds : ( 574.700, 223.860 ) ( 574.980, 224.750 )


SHORT: Regular Via of Net FE_OFN180_delayed_eigen_weight_112_ & Regular Wire of Net submod_op_centred_pixels[83]  ( M2 )
Bounds : ( 574.700, 145.970 ) ( 574.980, 146.350 )


SHORT: Regular Wire of Net submod_op_centred_pixels[83] & Regular Wire of Net FE_OFN217_delayed_eigen_weight_33_  ( M2 )
Bounds : ( 574.140, 224.420 ) ( 574.420, 224.700 )


SHORT: Regular Via of Net FE_OFN217_delayed_eigen_weight_33_ & Regular Wire of Net submod_op_centred_pixels[84]  ( M2 )
Bounds : ( 567.420, 173.625 ) ( 567.700, 174.350 )


SHORT: Regular Via of Net FE_OFN119_delayed_eigen_weight_193_ & Regular Wire of Net submod_op_centred_pixels[92]  ( M2 )
Bounds : ( 547.820, 196.370 ) ( 548.100, 196.750 )


SHORT: Regular Via of Net FE_OFN218_delayed_eigen_weight_32_ & Regular Wire of Net submod_op_centred_pixels[93]  ( M2 )
Bounds : ( 563.500, 224.370 ) ( 563.780, 224.750 )


SHORT: Regular Via of Net submod_op_centred_pixels[93] & Regular Wire of Net FE_OFN218_delayed_eigen_weight_32_  ( M2 )
Bounds : ( 561.260, 190.770 ) ( 561.540, 191.150 )


SHORT: Regular Wire of Net submod_op_centred_pixels[93] & Regular Wire of Net FE_OFN232_delayed_eigen_weight_18_  ( M2 )
Bounds : ( 562.380, 190.820 ) ( 562.660, 191.100 )


SHORT: Regular Via of Net FE_OFN218_delayed_eigen_weight_32_ & Regular Wire of Net submod_op_centred_pixels[93]  ( M2 )
Bounds : ( 561.260, 190.820 ) ( 561.590, 191.100 )


SHORT: Regular Via of Net submod_op_centred_pixels[152] & Regular Wire of Net submod_op_centred_pixels[95]  ( M2 )
Bounds : ( 543.900, 196.370 ) ( 544.180, 196.750 )


SHORT: Regular Via of Net FE_OFN248_delayed_eigen_weight_1_ & Regular Wire of Net submod_op_centred_pixels[95]  ( M2 )
Bounds : ( 543.900, 190.770 ) ( 544.180, 191.150 )


SHORT: Regular Via of Net submod_op_centred_pixels[142] & Regular Wire of Net submod_op_centred_pixels[120]  ( M2 )
Bounds : ( 538.860, 185.170 ) ( 539.140, 185.550 )


SHORT: Regular Via of Net FE_OFN119_delayed_eigen_weight_193_ & Regular Wire of Net submod_op_centred_pixels[121]  ( M2 )
Bounds : ( 551.180, 162.425 ) ( 551.460, 163.150 )


SHORT: Regular Via of Net FE_OFN248_delayed_eigen_weight_1_ & Regular Wire of Net submod_op_centred_pixels[123]  ( M2 )
Bounds : ( 544.460, 157.170 ) ( 544.740, 157.550 )


SHORT: Regular Wire of Net submod_op_centred_pixels[143] & Regular Wire of Net FE_OFN146_delayed_eigen_weight_146_  ( M2 )
Bounds : ( 537.740, 213.220 ) ( 538.020, 213.500 )


SHORT: Regular Via of Net submod_op_centred_pixels[143] & Regular Wire of Net FE_OFN98_delayed_eigen_weight_225_  ( M2 )
Bounds : ( 538.300, 213.170 ) ( 538.580, 213.550 )


SHORT: Regular Wire of Net submod_op_centred_pixels[152] & Regular Wire of Net FE_OFN248_delayed_eigen_weight_1_  ( M2 )
Bounds : ( 543.340, 196.420 ) ( 543.620, 196.700 )


SHORT: Regular Via of Net FE_OFN83_delayed_eigen_weight_240_ & Regular Wire of Net submod_op_centred_pixels[152]  ( M2 )
Bounds : ( 542.780, 196.420 ) ( 543.060, 196.700 )


SHORT: Regular Via of Net clk & Regular Wire of Net FE_OFN97_delayed_eigen_weight_226_  ( M2 )
Bounds : ( 549.500, 223.465 ) ( 549.780, 224.190 )


SHORT: Regular Via of Net mac_inst/csa_tree_add_36_25_I16/FE_OFN4_submod_op_centred_pixels_153_ & Regular Via of Net FE_OFN83_delayed_eigen_weight_240_  ( M3 )
Bounds : ( 548.890, 213.220 ) ( 549.270, 213.500 )


SHORT: Regular Via of Net mac_inst/csa_tree_add_36_25_I16/FE_OFN45_submod_op_centred_pixels_70_ & Regular Wire of Net FE_OFN180_delayed_eigen_weight_112_  ( M2 )
Bounds : ( 573.020, 145.970 ) ( 573.300, 146.350 )


SHORT: Regular Wire of Net mac_inst/csa_tree_add_36_25_I16/FE_OFN45_submod_op_centred_pixels_70_ & Regular Wire of Net FE_OFN180_delayed_eigen_weight_112_  ( M2 )
Bounds : ( 573.020, 146.020 ) ( 573.860, 146.300 )


SHORT: Regular Via of Net mac_inst/csa_tree_add_36_25_I16/FE_OFN61_submod_op_centred_pixels_10_ & Regular Wire of Net FE_OFN218_delayed_eigen_weight_32_  ( M2 )
Bounds : ( 561.260, 184.825 ) ( 561.540, 185.550 )


SHORT: Regular Via of Net FE_OFN148_delayed_eigen_weight_144_ & Regular Wire of Net FE_OFN118_delayed_eigen_weight_194_  ( M2 )
Bounds : ( 550.060, 168.025 ) ( 550.340, 168.750 )


SHORT: Regular Via of Net FE_OFN120_delayed_eigen_weight_192_ & Regular Wire of Net FE_OFN248_delayed_eigen_weight_1_  ( M2 )
Bounds : ( 543.340, 207.225 ) ( 543.620, 207.950 )


SHORT: Regular Via of Net FE_OFN249_delayed_eigen_weight_0_ & Regular Wire of Net FE_OFN248_delayed_eigen_weight_1_  ( M2 )
Bounds : ( 544.970, 157.220 ) ( 546.420, 157.500 )


SHORT: Regular Via of Net mac_inst/csa_tree_add_36_25_I16/FE_OFN270_n_4674 & Regular Wire of Net submod_op_centred_pixels[100]  ( M2 )
Bounds : ( 592.060, 214.290 ) ( 592.340, 214.670 )


SHORT: Regular Via of Net FE_OFN194_delayed_eigen_weight_96_ & Regular Wire of Net submod_op_centred_pixels[132]  ( M2 )
Bounds : ( 583.660, 173.970 ) ( 583.940, 174.350 )


SHORT: Regular Via of Net submod_op_centred_pixels[151] & Regular Wire of Net submod_op_centred_pixels[132]  ( M2 )
Bounds : ( 583.660, 168.025 ) ( 583.940, 168.750 )


SHORT: Regular Via of Net submod_op_centred_pixels[150] & Regular Wire of Net submod_op_centred_pixels[151]  ( M2 )
Bounds : ( 590.380, 184.610 ) ( 590.660, 184.990 )


SHORT: Regular Via of Net FE_OFN82_delayed_eigen_weight_241_ & Regular Wire of Net submod_op_centred_pixels[152]  ( M2 )
Bounds : ( 588.140, 207.620 ) ( 588.420, 207.900 )


SHORT: Regular Via of Net mac_inst/csa_tree_add_36_25_I16/FE_OFN24_submod_op_centred_pixels_110_ & Regular Wire of Net mac_inst/csa_tree_add_36_25_I16/FE_OFN45_submod_op_centred_pixels_70_  ( M2 )
Bounds : ( 580.860, 185.170 ) ( 581.140, 185.550 )


SHORT: Regular Via of Net mac_inst/csa_tree_add_36_25_I16/FE_OFN24_submod_op_centred_pixels_110_ & Regular Wire of Net FE_OFN194_delayed_eigen_weight_96_  ( M2 )
Bounds : ( 587.020, 185.220 ) ( 587.300, 185.500 )


SHORT: Regular Wire of Net mac_inst/csa_tree_add_36_25_I16/FE_OFN24_submod_op_centred_pixels_110_ & Regular Wire of Net mac_inst/csa_tree_add_36_25_I16/FE_OFN45_submod_op_centred_pixels_70_  ( M2 )
Bounds : ( 580.860, 185.220 ) ( 581.700, 185.500 )


SHORT: Regular Wire of Net FE_OFN81_delayed_eigen_weight_242_ & Regular Wire of Net mac_inst/csa_tree_add_52_54_groupi/FE_OFN319_n_117  ( M2 )
Bounds : ( 595.980, 213.780 ) ( 596.260, 214.060 )


SHORT: Regular Via of Net FE_OFN192_delayed_eigen_weight_98_ & Regular Wire of Net submod_op_centred_pixels[111]  ( M2 )
Bounds : ( 622.300, 196.370 ) ( 622.580, 196.750 )


SHORT: Regular Via of Net submod_op_centred_pixels[131] & Regular Wire of Net submod_op_centred_pixels[140]  ( M2 )
Bounds : ( 636.860, 218.425 ) ( 637.140, 219.150 )


SHORT: Regular Wire of Net submod_op_centred_pixels[140] & Regular Wire of Net FE_OFN96_delayed_eigen_weight_227_  ( M2 )
Bounds : ( 637.980, 218.820 ) ( 638.820, 219.100 )


SHORT: Regular Via of Net FE_OFN194_delayed_eigen_weight_96_ & Regular Wire of Net FE_OFN193_delayed_eigen_weight_97_  ( M2 )
Bounds : ( 642.460, 190.770 ) ( 642.740, 191.150 )


SHORT: Regular Wire of Net FE_OFN231_delayed_eigen_weight_19_ & Regular Wire of Net FE_OFN233_delayed_eigen_weight_17_  ( M2 )
Bounds : ( 564.060, 310.660 ) ( 564.340, 326.620 )


SHORT: Regular Wire of Net submod_op_centred_pixels[84] & Regular Wire of Net FE_OFN147_delayed_eigen_weight_145_  ( M2 )
Bounds : ( 567.420, 254.100 ) ( 567.700, 280.140 )


SHORT: Regular Wire of Net submod_op_centred_pixels[81] & Regular Wire of Net FE_OFN147_delayed_eigen_weight_145_  ( M2 )
Bounds : ( 559.580, 252.420 ) ( 559.860, 252.700 )


SHORT: Regular Wire of Net submod_op_centred_pixels[83] & Regular Wire of Net FE_OFN217_delayed_eigen_weight_33_  ( M2 )
Bounds : ( 574.140, 235.620 ) ( 574.420, 235.900 )


SHORT: Regular Via of Net FE_OFN163_delayed_eigen_weight_129_ & Regular Wire of Net submod_op_centred_pixels[83]  ( M2 )
Bounds : ( 573.530, 235.620 ) ( 573.910, 235.900 )


SHORT: Regular Via of Net FE_OFN233_delayed_eigen_weight_17_ & Regular Wire of Net submod_op_centred_pixels[84]  ( M2 )
Bounds : ( 567.420, 229.625 ) ( 567.700, 230.350 )


SHORT: Regular Via of Net submod_op_centred_pixels[123] & Regular Wire of Net submod_op_centred_pixels[92]  ( M2 )
Bounds : ( 546.700, 252.370 ) ( 546.980, 252.750 )


SHORT: Regular Via of Net FE_OFN248_delayed_eigen_weight_1_ & Regular Wire of Net submod_op_centred_pixels[95]  ( M2 )
Bounds : ( 543.900, 246.770 ) ( 544.180, 247.150 )


SHORT: Regular Via of Net submod_op_centred_pixels[124] & Regular Wire of Net submod_op_centred_pixels[121]  ( M2 )
Bounds : ( 552.860, 263.225 ) ( 553.140, 263.950 )


SHORT: Regular Via of Net submod_op_centred_pixels[121] & Regular Wire of Net mac_inst/csa_tree_add_36_25_I16/FE_OFN60_submod_op_centred_pixels_11_  ( M2 )
Bounds : ( 555.100, 241.170 ) ( 555.380, 241.550 )


SHORT: Regular Wire of Net submod_op_centred_pixels[121] & Regular Wire of Net FE_OFN117_delayed_eigen_weight_195_  ( M2 )
Bounds : ( 553.420, 241.220 ) ( 554.260, 241.500 )


SHORT: Regular Via of Net FE_OFN118_delayed_eigen_weight_194_ & Regular Wire of Net submod_op_centred_pixels[122]  ( M2 )
Bounds : ( 550.060, 241.170 ) ( 550.340, 241.550 )


SHORT: Regular Via of Net submod_op_centred_pixels[122] & Regular Wire of Net FE_OFN145_delayed_eigen_weight_147_  ( M2 )
Bounds : ( 551.180, 241.170 ) ( 551.460, 241.550 )


SHORT: Regular Wire of Net submod_op_centred_pixels[122] & Regular Wire of Net FE_OFN249_delayed_eigen_weight_0_  ( M2 )
Bounds : ( 550.620, 241.220 ) ( 550.900, 241.500 )


SHORT: Regular Via of Net FE_OFN118_delayed_eigen_weight_194_ & Regular Wire of Net submod_op_centred_pixels[122]  ( M2 )
Bounds : ( 550.060, 241.220 ) ( 550.390, 241.500 )


SHORT: Regular Via of Net FE_OFN119_delayed_eigen_weight_193_ & Regular Wire of Net submod_op_centred_pixels[123]  ( M2 )
Bounds : ( 545.530, 252.420 ) ( 545.910, 252.700 )


SHORT: Regular Via of Net FE_OFN98_delayed_eigen_weight_225_ & Regular Wire of Net submod_op_centred_pixels[143]  ( M2 )
Bounds : ( 541.100, 240.825 ) ( 541.380, 241.550 )


SHORT: Regular Via of Net submod_op_centred_pixels[144] & Regular Wire of Net FE_OFN97_delayed_eigen_weight_226_  ( M2 )
Bounds : ( 549.500, 263.570 ) ( 549.780, 263.950 )


SHORT: Regular Wire of Net submod_op_centred_pixels[144] & Regular Wire of Net FE_OFN249_delayed_eigen_weight_0_  ( M2 )
Bounds : ( 548.940, 263.620 ) ( 549.220, 263.900 )


SHORT: Regular Via of Net mac_inst/csa_tree_add_36_25_I16/FE_OFN29_submod_op_centred_pixels_94_ & Regular Wire of Net submod_op_centred_pixels[154]  ( M2 )
Bounds : ( 570.780, 269.170 ) ( 571.060, 269.550 )


SHORT: Regular Via of Net stream_eigen_weight[52] & Regular Wire of Net FE_OFN231_delayed_eigen_weight_19_  ( M2 )
Bounds : ( 555.660, 269.170 ) ( 555.940, 269.550 )


SHORT: Regular Wire of Net stream_eigen_weight[52] & Regular Wire of Net FE_OFN231_delayed_eigen_weight_19_  ( M2 )
Bounds : ( 555.660, 269.220 ) ( 556.500, 269.500 )


SHORT: Regular Via of Net FE_OFN83_delayed_eigen_weight_240_ & Regular Wire of Net mac_inst/csa_tree_add_36_25_I16/FE_OFN58_submod_op_centred_pixels_13_  ( M2 )
Bounds : ( 569.100, 263.570 ) ( 569.380, 263.950 )


SHORT: Regular Via of Net mac_inst/csa_tree_add_36_25_I16/FE_OFN59_submod_op_centred_pixels_12_ & Regular Wire of Net FE_OFN233_delayed_eigen_weight_17_  ( M2 )
Bounds : ( 566.300, 229.970 ) ( 566.580, 230.350 )


SHORT: Regular Via of Net FE_OFN233_delayed_eigen_weight_17_ & Regular Wire of Net mac_inst/csa_tree_add_36_25_I16/FE_OFN59_submod_op_centred_pixels_12_  ( M2 )
Bounds : ( 566.250, 230.020 ) ( 566.580, 230.300 )


SHORT: Regular Via of Net mac_inst/csa_tree_add_36_25_I16/FE_OFN60_submod_op_centred_pixels_11_ & Regular Wire of Net FE_OFN161_delayed_eigen_weight_131_  ( M2 )
Bounds : ( 557.900, 269.170 ) ( 558.180, 269.550 )


SHORT: Regular Via of Net FE_OFN147_delayed_eigen_weight_145_ & Regular Wire of Net mac_inst/csa_tree_add_36_25_I16/FE_OFN61_submod_op_centred_pixels_10_  ( M2 )
Bounds : ( 560.700, 252.370 ) ( 560.980, 252.750 )


SHORT: Regular Via of Net FE_OFN215_delayed_eigen_weight_35_ & Regular Wire of Net FE_OFN97_delayed_eigen_weight_226_  ( M2 )
Bounds : ( 549.500, 241.170 ) ( 549.780, 241.550 )


SHORT: Regular Via of Net submod_op_centred_pixels[91] & Regular Wire of Net FE_OFN145_delayed_eigen_weight_147_  ( M2 )
Bounds : ( 551.180, 280.370 ) ( 551.460, 280.750 )


SHORT: Regular Via of Net submod_op_centred_pixels[92] & Regular Wire of Net FE_OFN146_delayed_eigen_weight_146_  ( M2 )
Bounds : ( 539.980, 280.025 ) ( 540.260, 280.750 )


SHORT: Regular Via of Net submod_op_centred_pixels[94] & Regular Wire of Net mac_inst/csa_tree_add_36_25_I16/FE_OFN60_submod_op_centred_pixels_11_  ( M2 )
Bounds : ( 557.340, 280.370 ) ( 557.620, 280.750 )


SHORT: Regular Via of Net submod_op_centred_pixels[120] & Regular Wire of Net submod_op_centred_pixels[123]  ( M2 )
Bounds : ( 544.460, 308.025 ) ( 544.740, 308.750 )


SHORT: Regular Via of Net FE_OFN146_delayed_eigen_weight_146_ & Regular Wire of Net submod_op_centred_pixels[120]  ( M2 )
Bounds : ( 538.860, 280.370 ) ( 539.140, 280.750 )


SHORT: Regular Via of Net FE_OFN199_delayed_eigen_weight_52_ & Regular Wire of Net submod_op_centred_pixels[120]  ( M2 )
Bounds : ( 538.860, 269.945 ) ( 539.140, 270.670 )


SHORT: Regular Via of Net submod_op_centred_pixels[142] & Regular Wire of Net submod_op_centred_pixels[122]  ( M2 )
Bounds : ( 550.060, 296.825 ) ( 550.340, 297.550 )


SHORT: Regular Via of Net mac_inst/csa_tree_add_36_25_I16/FE_OFN10_submod_op_centred_pixels_133_ & Regular Wire of Net mac_inst/csa_tree_add_36_25_I16/FE_OFN45_submod_op_centred_pixels_70_  ( M2 )
Bounds : ( 576.380, 302.770 ) ( 576.660, 303.150 )


SHORT: Regular Via of Net mac_inst/csa_tree_add_36_25_I16/FE_OFN36_submod_op_centred_pixels_83_ & Regular Wire of Net mac_inst/csa_tree_add_36_25_I16/FE_OFN45_submod_op_centred_pixels_70_  ( M2 )
Bounds : ( 576.380, 308.370 ) ( 576.660, 308.750 )


SHORT: Regular Wire of Net mac_inst/csa_tree_add_36_25_I16/FE_OFN59_submod_op_centred_pixels_12_ & Regular Wire of Net FE_OFN231_delayed_eigen_weight_19_  ( M2 )
Bounds : ( 565.180, 302.820 ) ( 566.020, 303.100 )


SHORT: Regular Via of Net FE_OFN81_delayed_eigen_weight_242_ & Regular Wire of Net mac_inst/csa_tree_add_36_25_I16/FE_OFN60_submod_op_centred_pixels_11_  ( M2 )
Bounds : ( 557.340, 297.170 ) ( 557.620, 297.550 )


SHORT: Regular Wire of Net FE_OFN81_delayed_eigen_weight_242_ & Regular Wire of Net FE_OFN161_delayed_eigen_weight_131_  ( M2 )
Bounds : ( 557.900, 295.540 ) ( 558.180, 296.380 )


SHORT: Regular Via of Net FE_OFN145_delayed_eigen_weight_147_ & Regular Wire of Net FE_OFN249_delayed_eigen_weight_0_  ( M2 )
Bounds : ( 552.300, 280.370 ) ( 552.580, 280.750 )


SHORT: Regular Via of Net mac_inst/csa_tree_add_36_25_I16/FE_OFN230_delayed_eigen_weight_20_ & Regular Wire of Net FE_OFN161_delayed_eigen_weight_131_  ( M2 )
Bounds : ( 559.020, 307.300 ) ( 559.300, 308.750 )


SHORT: Regular Via of Net submod_op_centred_pixels[141] & Regular Wire of Net mac_inst/csa_tree_add_36_25_I16/FE_OFN4_submod_op_centred_pixels_153_  ( M2 )
Bounds : ( 584.220, 229.625 ) ( 584.500, 230.350 )


SHORT: Regular Via of Net submod_op_centred_pixels[150] & Regular Wire of Net mac_inst/csa_tree_add_52_54_groupi/FE_OFN322_n_230  ( M2 )
Bounds : ( 597.660, 274.425 ) ( 597.940, 275.150 )


SHORT: Regular Via of Net FE_OFN80_delayed_eigen_weight_243_ & Regular Wire of Net submod_op_centred_pixels[151]  ( M2 )
Bounds : ( 590.380, 291.225 ) ( 590.660, 291.950 )


SHORT: Regular Wire of Net FE_OFN81_delayed_eigen_weight_242_ & Regular Wire of Net mac_inst/csa_tree_add_52_54_groupi/FE_OFN319_n_117  ( M2 )
Bounds : ( 595.980, 302.820 ) ( 596.260, 303.100 )


SHORT: Regular Via of Net FE_OFN133_delayed_eigen_weight_179_ & Regular Wire of Net FE_OFN178_delayed_eigen_weight_114_  ( M2 )
Bounds : ( 612.220, 285.970 ) ( 612.500, 286.350 )


SHORT: Regular Via of Net submod_op_centred_pixels[81] & Regular Wire of Net mac_inst/csa_tree_add_36_25_I16/FE_OFN160_delayed_eigen_weight_132_  ( M2 )
Bounds : ( 555.100, 341.970 ) ( 555.380, 342.350 )


SHORT: Regular Wire of Net submod_op_centred_pixels[81] & Regular Wire of Net mac_inst/csa_tree_add_36_25_I16/FE_OFN160_delayed_eigen_weight_132_  ( M2 )
Bounds : ( 554.540, 342.020 ) ( 555.380, 342.300 )


SHORT: Regular Via of Net FE_OFN145_delayed_eigen_weight_147_ & Regular Wire of Net submod_op_centred_pixels[85]  ( M2 )
Bounds : ( 560.140, 386.770 ) ( 560.420, 387.150 )


SHORT: Regular Via of Net submod_op_centred_pixels[93] & Regular Wire of Net FE_OFN146_delayed_eigen_weight_146_  ( M2 )
Bounds : ( 562.380, 325.170 ) ( 562.660, 325.550 )


SHORT: Regular Wire of Net submod_op_centred_pixels[120] & Regular Wire of Net mac_inst/csa_tree_add_36_25_I16/FE_OFN244_delayed_eigen_weight_5_  ( M2 )
Bounds : ( 538.860, 353.220 ) ( 539.140, 354.060 )


SHORT: Regular Via of Net FE_OFN119_delayed_eigen_weight_193_ & Regular Wire of Net submod_op_centred_pixels[121]  ( M2 )
Bounds : ( 546.700, 347.225 ) ( 546.980, 347.950 )


SHORT: Regular Via of Net FE_OFN248_delayed_eigen_weight_1_ & Regular Wire of Net submod_op_centred_pixels[121]  ( M2 )
Bounds : ( 546.700, 335.860 ) ( 546.980, 336.750 )


SHORT: Regular Via of Net mac_inst/csa_tree_add_36_25_I16/FE_OFN61_submod_op_centred_pixels_10_ & Regular Wire of Net submod_op_centred_pixels[122]  ( M2 )
Bounds : ( 550.060, 347.570 ) ( 550.340, 347.950 )


SHORT: Regular Via of Net FE_OFN97_delayed_eigen_weight_226_ & Regular Wire of Net submod_op_centred_pixels[122]  ( M2 )
Bounds : ( 550.060, 330.425 ) ( 550.340, 331.150 )


SHORT: Regular Via of Net submod_op_centred_pixels[125] & Regular Wire of Net FE_OFN246_delayed_eigen_weight_3_  ( M2 )
Bounds : ( 542.780, 358.425 ) ( 543.060, 359.150 )


SHORT: Regular Via of Net submod_op_centred_pixels[125] & Regular Wire of Net mac_inst/csa_tree_add_36_25_I16/FE_OFN244_delayed_eigen_weight_5_  ( M2 )
Bounds : ( 538.860, 364.025 ) ( 539.140, 364.750 )


SHORT: Regular Wire of Net submod_op_centred_pixels[143] & Regular Wire of Net mac_inst/csa_tree_add_36_25_I16/FE_OFN18_submod_op_centred_pixels_125_  ( M2 )
Bounds : ( 541.100, 364.420 ) ( 541.380, 372.540 )


SHORT: Regular Via of Net FE_OFN96_delayed_eigen_weight_227_ & Regular Wire of Net submod_op_centred_pixels[143]  ( M2 )
Bounds : ( 540.540, 370.020 ) ( 540.820, 370.300 )


SHORT: Regular Via of Net submod_op_centred_pixels[144] & Regular Wire of Net FE_OFN98_delayed_eigen_weight_225_  ( M2 )
Bounds : ( 538.300, 313.625 ) ( 538.580, 314.350 )


SHORT: Regular Via of Net submod_op_centred_pixels[152] & Regular Wire of Net mac_inst/csa_tree_add_36_25_I16/FE_OFN160_delayed_eigen_weight_132_  ( M2 )
Bounds : ( 555.100, 380.660 ) ( 555.380, 381.550 )


SHORT: Regular Wire of Net submod_op_centred_pixels[154] & Regular Wire of Net FE_OFN217_delayed_eigen_weight_33_  ( M2 )
Bounds : ( 570.780, 314.020 ) ( 571.060, 314.300 )


SHORT: Regular Via of Net mac_inst/csa_tree_add_36_25_I16/FE_OFN27_submod_op_centred_pixels_96_ & Regular Wire of Net FE_OFN233_delayed_eigen_weight_17_  ( M2 )
Bounds : ( 564.060, 375.570 ) ( 564.340, 375.950 )


SHORT: Regular Via of Net FE_OFN164_delayed_eigen_weight_128_ & Regular Wire of Net FE_OFN28_submod_op_centred_pixels_95_  ( M2 )
Bounds : ( 561.260, 364.370 ) ( 561.540, 364.750 )


SHORT: Regular Via of Net FE_OFN146_delayed_eigen_weight_146_ & Regular Wire of Net FE_OFN28_submod_op_centred_pixels_95_  ( M2 )
Bounds : ( 561.260, 325.170 ) ( 561.540, 325.550 )


SHORT: Regular Via of Net FE_OFN117_delayed_eigen_weight_195_ & Regular Wire of Net FE_OFN97_delayed_eigen_weight_226_  ( M2 )
Bounds : ( 549.500, 319.225 ) ( 549.780, 319.950 )


SHORT: Regular Via of Net FE_OFN199_delayed_eigen_weight_52_ & Regular Wire of Net FE_OFN98_delayed_eigen_weight_225_  ( M2 )
Bounds : ( 538.300, 369.625 ) ( 538.580, 370.350 )


SHORT: Regular Via of Net mac_inst/csa_tree_add_36_25_I16/FE_OFN116_delayed_eigen_weight_196_ & Regular Wire of Net FE_OFN249_delayed_eigen_weight_0_  ( M2 )
Bounds : ( 552.300, 324.825 ) ( 552.580, 325.550 )


SHORT: Regular Via of Net mac_inst/csa_tree_add_36_25_I16/FE_OFN159_delayed_eigen_weight_133_ & Regular Wire of Net FE_OFN145_delayed_eigen_weight_147_  ( M2 )
Bounds : ( 558.460, 353.170 ) ( 558.740, 353.550 )


SHORT: Regular Wire of Net FE_OFN145_delayed_eigen_weight_147_ & Regular Wire of Net mac_inst/csa_tree_add_36_25_I16/FE_OFN159_delayed_eigen_weight_133_  ( M2 )
Bounds : ( 559.020, 386.820 ) ( 559.300, 387.100 )


SHORT: Regular Wire of Net FE_OFN146_delayed_eigen_weight_146_ & Regular Wire of Net FE_OFN164_delayed_eigen_weight_128_  ( M2 )
Bounds : ( 562.380, 364.420 ) ( 562.660, 364.700 )


SHORT: Regular Via of Net FE_OFN164_delayed_eigen_weight_128_ & Regular Wire of Net FE_OFN231_delayed_eigen_weight_19_  ( TOP_M )
Bounds : ( 567.900, 326.210 ) ( 568.340, 363.710 )


SHORT: Regular Via of Net FE_OFN136_delayed_eigen_weight_176_ & Regular Wire of Net submod_op_centred_pixels[116]  ( M2 )
Bounds : ( 603.260, 336.420 ) ( 603.540, 336.750 )


SHORT: Regular Via of Net submod_op_centred_pixels[154] & Regular Wire of Net submod_op_centred_pixels[150]  ( M2 )
Bounds : ( 587.580, 330.770 ) ( 587.860, 331.150 )


SHORT: Regular Via of Net FE_OFN177_delayed_eigen_weight_115_ & Regular Wire of Net mac_inst/csa_tree_add_36_25_I16/FE_OFN24_submod_op_centred_pixels_110_  ( M2 )
Bounds : ( 608.860, 364.025 ) ( 609.140, 364.750 )


SHORT: Regular Via of Net FE_OFN194_delayed_eigen_weight_96_ & Regular Wire of Net FE_OFN179_delayed_eigen_weight_113_  ( M2 )
Bounds : ( 600.460, 336.370 ) ( 600.740, 336.750 )


SHORT: Regular Via of Net submod_op_centred_pixels[140] & Regular Wire of Net submod_op_centred_pixels[111]  ( M2 )
Bounds : ( 622.300, 296.825 ) ( 622.580, 297.550 )


SHORT: Regular Via of Net submod_op_centred_pixels[114] & Regular Wire of Net FE_OFN22_submod_op_centred_pixels_113_  ( M2 )
Bounds : ( 643.020, 291.570 ) ( 643.300, 291.950 )


SHORT: Regular Wire of Net submod_op_centred_pixels[115] & Regular Wire of Net FE_OFN136_delayed_eigen_weight_176_  ( M2 )
Bounds : ( 631.260, 319.620 ) ( 631.540, 320.460 )


SHORT: Regular Via of Net mac_inst/csa_tree_add_36_25_I16/FE_OFN11_submod_op_centred_pixels_132_ & Regular Wire of Net submod_op_centred_pixels[115]  ( M2 )
Bounds : ( 631.770, 319.620 ) ( 632.150, 319.900 )


SHORT: Regular Via of Net submod_op_centred_pixels[132] & Regular Wire of Net mac_inst/csa_tree_add_36_25_I16/FE_OFN11_submod_op_centred_pixels_132_  ( M2 )
Bounds : ( 631.820, 286.020 ) ( 632.100, 286.350 )


SHORT: Regular Via of Net FE_OFN22_submod_op_centred_pixels_113_ & Regular Wire of Net submod_op_centred_pixels[140]  ( M2 )
Bounds : ( 636.860, 285.625 ) ( 637.140, 286.350 )


SHORT: Regular Via of Net stream_mean[61] & Regular Wire of Net mac_inst/FE_OFN305_n_43  ( M2 )
Bounds : ( 674.380, 358.985 ) ( 674.660, 359.710 )


SHORT: Regular Wire of Net FE_OFN252_n_1 & Regular Wire of Net mac_inst/FE_OFN261_n_13  ( M2 )
Bounds : ( 663.740, 386.260 ) ( 664.020, 386.540 )


SHORT: Regular Via of Net submod_op_centred_pixels[92] & Regular Wire of Net FE_OFN141_delayed_eigen_weight_151_  ( M2 )
Bounds : ( 408.380, 403.620 ) ( 408.660, 403.900 )


SHORT: Regular Via of Net submod_op_centred_pixels[93] & Regular Wire of Net macmod_op_acc[23]  ( M2 )
Bounds : ( 413.420, 476.370 ) ( 413.700, 476.750 )


SHORT: Regular Via of Net submod_op_centred_pixels[99] & Regular Wire of Net FE_OFN241_delayed_eigen_weight_8_  ( M2 )
Bounds : ( 441.980, 509.410 ) ( 442.260, 509.790 )


SHORT: Regular Wire of Net submod_op_centred_pixels[116] & Regular Wire of Net FE_OFN133_delayed_eigen_weight_179_  ( M2 )
Bounds : ( 443.660, 431.570 ) ( 443.940, 431.900 )


SHORT: Regular Via of Net mac_inst/csa_tree_add_36_25_I16/FE_OFN112_delayed_eigen_weight_200_ & Regular Wire of Net submod_op_centred_pixels[121]  ( M2 )
Bounds : ( 422.380, 470.820 ) ( 422.660, 471.100 )


SHORT: Regular Wire of Net submod_op_centred_pixels[121] & Regular Wire of Net FE_OFN111_delayed_eigen_weight_201_  ( M2 )
Bounds : ( 374.780, 482.020 ) ( 375.060, 482.300 )


SHORT: Regular Wire of Net submod_op_centred_pixels[140] & Regular Wire of Net FE_OFN90_delayed_eigen_weight_233_  ( M2 )
Bounds : ( 378.140, 409.220 ) ( 378.420, 409.500 )


SHORT: Regular Via of Net submod_op_centred_pixels[150] & Regular Wire of Net FE_OFN241_delayed_eigen_weight_8_  ( M2 )
Bounds : ( 441.980, 408.610 ) ( 442.260, 408.990 )


SHORT: Regular Wire of Net submod_op_centred_pixels[150] & Regular Wire of Net FE_OFN241_delayed_eigen_weight_8_  ( M2 )
Bounds : ( 442.540, 403.620 ) ( 442.820, 403.900 )


SHORT: Regular Wire of Net submod_op_centred_pixels[150] & Regular Wire of Net FE_OFN76_delayed_eigen_weight_247_  ( M2 )
Bounds : ( 441.980, 408.660 ) ( 442.820, 408.940 )


SHORT: Regular Wire of Net mac_inst/csa_tree_add_36_25_I16/FE_OFN19_submod_op_centred_pixels_124_ & Regular Wire of Net mac_inst/csa_tree_add_36_25_I16/FE_OFN115_delayed_eigen_weight_197_  ( M2 )
Bounds : ( 442.540, 526.820 ) ( 442.820, 527.100 )


SHORT: Regular Via of Net FE_OFN76_delayed_eigen_weight_247_ & Regular Wire of Net mac_inst/csa_tree_add_36_25_I16/FE_OFN38_submod_op_centred_pixels_77_  ( M2 )
Bounds : ( 440.860, 397.970 ) ( 441.140, 398.350 )


SHORT: Regular Via of Net FE_OFN202_delayed_eigen_weight_49_ & Regular Wire of Net FE_OFN141_delayed_eigen_weight_151_  ( M2 )
Bounds : ( 407.260, 475.810 ) ( 407.540, 476.190 )


SHORT: Regular Via of Net FE_OFN141_delayed_eigen_weight_151_ & Regular Wire of Net FE_OFN202_delayed_eigen_weight_49_  ( M2 )
Bounds : ( 409.500, 403.570 ) ( 409.780, 403.950 )


SHORT: Regular Via of Net submod_op_centred_pixels[86] & Regular Wire of Net mac_inst/csa_tree_add_36_25_I16/FE_OFN158_delayed_eigen_weight_134_  ( M2 )
Bounds : ( 528.780, 437.170 ) ( 529.060, 437.550 )


SHORT: Regular Wire of Net submod_op_centred_pixels[86] & Regular Wire of Net FE_OFN164_delayed_eigen_weight_128_  ( M2 )
Bounds : ( 528.780, 437.220 ) ( 529.620, 437.500 )


SHORT: Regular Via of Net submod_op_centred_pixels[87] & Regular Wire of Net mac_inst/csa_tree_add_36_25_I16/FE_OFN242_delayed_eigen_weight_7_  ( M2 )
Bounds : ( 502.460, 431.225 ) ( 502.740, 431.950 )


SHORT: Regular Wire of Net submod_op_centred_pixels[92] & Regular Wire of Net FE_OFN199_delayed_eigen_weight_52_  ( M2 )
Bounds : ( 531.020, 426.020 ) ( 532.420, 426.300 )


SHORT: Regular Via of Net submod_op_centred_pixels[92] & Regular Wire of Net FE_OFN199_delayed_eigen_weight_52_  ( M2 )
Bounds : ( 532.140, 425.970 ) ( 532.420, 426.300 )


SHORT: Regular Via of Net submod_op_centred_pixels[140] & Regular Wire of Net FE_OFN77_delayed_eigen_weight_246_  ( M2 )
Bounds : ( 463.260, 414.770 ) ( 463.540, 415.150 )


SHORT: Regular Via of Net mac_inst/csa_tree_add_36_25_I16/FE_OFN42_submod_op_centred_pixels_73_ & Regular Wire of Net macmod_op_acc[25]  ( M2 )
Bounds : ( 458.220, 465.170 ) ( 458.500, 465.550 )


SHORT: Regular Via of Net mac_inst/csa_tree_add_36_25_I16/FE_OFN7_submod_op_centred_pixels_147_ & Regular Wire of Net macmod_op_acc[27]  ( M2 )
Bounds : ( 489.020, 414.770 ) ( 489.300, 415.150 )


SHORT: Regular Via of Net mac_inst/csa_tree_add_36_25_I16/FE_OFN44_submod_op_centred_pixels_71_ & Regular Wire of Net mac_inst/csa_tree_add_36_25_I16/FE_OFN4_submod_op_centred_pixels_153_  ( M2 )
Bounds : ( 496.300, 437.170 ) ( 496.580, 437.550 )


SHORT: Regular Via of Net mac_inst/csa_tree_add_36_25_I16/FE_OFN4_submod_op_centred_pixels_153_ & Regular Wire of Net mac_inst/csa_tree_add_36_25_I16/FE_OFN156_delayed_eigen_weight_136_  ( M2 )
Bounds : ( 494.060, 420.370 ) ( 494.340, 420.750 )


SHORT: Regular Via of Net mac_inst/csa_tree_add_36_25_I16/FE_OFN79_delayed_eigen_weight_244_ & Regular Wire of Net mac_inst/csa_tree_add_36_25_I16/FE_OFN4_submod_op_centred_pixels_153_  ( M2 )
Bounds : ( 495.180, 420.420 ) ( 495.460, 420.700 )


SHORT: Regular Via of Net mac_inst/csa_tree_add_36_25_I16/FE_OFN243_delayed_eigen_weight_6_ & Regular Wire of Net mac_inst/csa_tree_add_36_25_I16/FE_OFN8_submod_op_centred_pixels_146_  ( M2 )
Bounds : ( 534.940, 448.370 ) ( 535.220, 448.750 )


SHORT: Regular Wire of Net mac_inst/csa_tree_add_36_25_I16/FE_OFN23_submod_op_centred_pixels_112_ & Regular Wire of Net FE_OFN83_delayed_eigen_weight_240_  ( M2 )
Bounds : ( 455.420, 442.260 ) ( 455.700, 442.540 )


SHORT: Regular Wire of Net mac_inst/csa_tree_add_36_25_I16/FE_OFN24_submod_op_centred_pixels_110_ & Regular Wire of Net mac_inst/csa_tree_add_36_25_I16/FE_OFN173_delayed_eigen_weight_119_  ( M2 )
Bounds : ( 467.740, 465.220 ) ( 468.020, 465.500 )


SHORT: Regular Via of Net FE_OFN130_delayed_eigen_weight_182_ & Regular Wire of Net mac_inst/csa_tree_add_36_25_I16/FE_OFN24_submod_op_centred_pixels_110_  ( M2 )
Bounds : ( 467.740, 420.370 ) ( 468.020, 420.750 )


SHORT: Regular Wire of Net mac_inst/csa_tree_add_36_25_I16/FE_OFN30_submod_op_centred_pixels_89_ & Regular Wire of Net FE_OFN176_delayed_eigen_weight_116_  ( M2 )
Bounds : ( 473.340, 437.220 ) ( 473.620, 437.500 )


SHORT: Regular Via of Net mac_inst/csa_tree_add_36_25_I16/FE_OFN39_submod_op_centred_pixels_76_ & Regular Wire of Net FE_OFN179_delayed_eigen_weight_113_  ( M2 )
Bounds : ( 475.580, 431.620 ) ( 475.860, 431.950 )


SHORT: Regular Via of Net FE_OFN179_delayed_eigen_weight_113_ & Regular Wire of Net mac_inst/csa_tree_add_36_25_I16/FE_OFN39_submod_op_centred_pixels_76_  ( M2 )
Bounds : ( 475.580, 442.820 ) ( 475.860, 443.100 )


SHORT: Regular Via of Net FE_OFN178_delayed_eigen_weight_114_ & Regular Wire of Net mac_inst/csa_tree_add_36_25_I16/FE_OFN40_submod_op_centred_pixels_75_  ( M2 )
Bounds : ( 475.580, 448.420 ) ( 475.860, 448.700 )


SHORT: Regular Via of Net FE_OFN175_delayed_eigen_weight_117_ & Regular Wire of Net mac_inst/csa_tree_add_36_25_I16/FE_OFN44_submod_op_centred_pixels_71_  ( M2 )
Bounds : ( 495.180, 437.220 ) ( 495.460, 437.500 )


SHORT: Regular Via of Net FE_OFN83_delayed_eigen_weight_240_ & Regular Wire of Net FE_OFN176_delayed_eigen_weight_116_  ( M2 )
Bounds : ( 473.340, 414.770 ) ( 473.620, 415.150 )


SHORT: Regular Wire of Net mac_inst/csa_tree_add_36_25_I16/FE_OFN92_delayed_eigen_weight_231_ & Regular Wire of Net FE_OFN177_delayed_eigen_weight_115_  ( M2 )
Bounds : ( 461.580, 414.820 ) ( 461.860, 415.100 )


SHORT: Regular Via of Net FE_OFN120_delayed_eigen_weight_192_ & Regular Wire of Net mac_inst/csa_tree_add_36_25_I16/FE_OFN156_delayed_eigen_weight_136_  ( M2 )
Bounds : ( 494.060, 425.970 ) ( 494.340, 426.350 )


SHORT: Regular Wire of Net macmod_op_acc[26] & Regular Wire of Net mac_inst/csa_tree_add_36_25_I16/FE_OFN284_n_5362  ( M2 )
Bounds : ( 481.180, 527.380 ) ( 481.460, 527.660 )


SHORT: Regular Via of Net FE_OFN81_delayed_eigen_weight_242_ & Regular Wire of Net macmod_op_acc[26]  ( M2 )
Bounds : ( 481.180, 509.625 ) ( 481.460, 510.350 )


SHORT: Regular Via of Net mac_inst/csa_tree_add_36_25_I16/FE_OFN4_submod_op_centred_pixels_153_ & Regular Wire of Net macmod_op_acc[26]  ( M2 )
Bounds : ( 481.180, 498.770 ) ( 481.460, 499.150 )


SHORT: Regular Via of Net FE_OFN98_delayed_eigen_weight_225_ & Regular Wire of Net mac_inst/csa_tree_add_36_25_I16/FE_OFN8_submod_op_centred_pixels_146_  ( M2 )
Bounds : ( 534.940, 543.570 ) ( 535.220, 543.950 )


SHORT: Regular Wire of Net mac_inst/csa_tree_add_36_25_I16/FE_OFN8_submod_op_centred_pixels_146_ & Regular Wire of Net FE_OFN98_delayed_eigen_weight_225_  ( M2 )
Bounds : ( 534.380, 543.620 ) ( 535.220, 543.900 )


SHORT: Regular Via of Net mac_inst/csa_tree_add_36_25_I16/FE_OFN19_submod_op_centred_pixels_124_ & Regular Wire of Net mac_inst/csa_tree_add_36_25_I16/FE_OFN17_submod_op_centred_pixels_126_  ( M2 )
Bounds : ( 533.260, 521.170 ) ( 533.540, 521.550 )


SHORT: Regular Via of Net mac_inst/csa_tree_add_36_25_I16/FE_OFN26_submod_op_centred_pixels_97_ & Regular Wire of Net FE_OFN96_delayed_eigen_weight_227_  ( M2 )
Bounds : ( 507.500, 509.625 ) ( 507.780, 510.350 )


SHORT: Regular Via of Net mac_inst/csa_tree_add_36_25_I16/FE_OFN67_submod_op_centred_pixels_4_ & Regular Wire of Net FE_OFN246_delayed_eigen_weight_3_  ( M2 )
Bounds : ( 517.020, 560.370 ) ( 517.300, 560.750 )


SHORT: Regular Via of Net mac_inst/csa_tree_add_36_25_I16/FE_OFN95_delayed_eigen_weight_228_ & Regular Wire of Net FE_OFN145_delayed_eigen_weight_147_  ( M2 )
Bounds : ( 523.740, 497.305 ) ( 524.020, 498.030 )


SHORT: Regular Via of Net FE_OFN246_delayed_eigen_weight_3_ & Regular Wire of Net FE_OFN119_delayed_eigen_weight_193_  ( M2 )
Bounds : ( 532.700, 532.370 ) ( 532.980, 532.750 )


SHORT: Regular Via of Net mac_inst/csa_tree_add_36_25_I16/FE_OFN227_delayed_eigen_weight_23_ & Regular Wire of Net FE_OFN145_delayed_eigen_weight_147_  ( M2 )
Bounds : ( 523.740, 554.425 ) ( 524.020, 555.150 )


SHORT: Regular Via of Net submod_op_centred_pixels[86] & Regular Wire of Net FE_OFN161_delayed_eigen_weight_131_  ( M2 )
Bounds : ( 482.860, 605.170 ) ( 483.140, 605.550 )


SHORT: Regular Wire of Net submod_op_centred_pixels[86] & Regular Wire of Net FE_OFN161_delayed_eigen_weight_131_  ( M2 )
Bounds : ( 482.860, 605.220 ) ( 483.700, 605.500 )


SHORT: Regular Via of Net FE_OFN162_delayed_eigen_weight_130_ & Regular Wire of Net macmod_op_acc[25]  ( M2 )
Bounds : ( 458.220, 599.570 ) ( 458.500, 599.950 )


SHORT: Regular Via of Net FE_OFN248_delayed_eigen_weight_1_ & Regular Wire of Net macmod_op_acc[27]  ( M2 )
Bounds : ( 489.020, 565.625 ) ( 489.300, 566.350 )


SHORT: Regular Wire of Net stream_eigen_weight[195] & Regular Wire of Net FE_OFN252_n_1  ( M2 )
Bounds : ( 523.180, 606.340 ) ( 523.460, 606.620 )


SHORT: Regular Via of Net FE_OFN161_delayed_eigen_weight_131_ & Regular Wire of Net clk  ( M2 )
Bounds : ( 483.980, 605.170 ) ( 484.260, 605.550 )


SHORT: Regular Via of Net FE_OFN246_delayed_eigen_weight_3_ & Regular Wire of Net mac_inst/csa_tree_add_36_25_I16/FE_OFN67_submod_op_centred_pixels_4_  ( M2 )
Bounds : ( 516.460, 577.170 ) ( 516.740, 577.550 )


SHORT: Regular Wire of Net submod_op_centred_pixels[81] & Regular Wire of Net mac_inst/csa_tree_add_36_25_I16/FE_OFN159_delayed_eigen_weight_133_  ( M2 )
Bounds : ( 559.020, 426.020 ) ( 559.860, 426.300 )


SHORT: Regular Wire of Net submod_op_centred_pixels[81] & Regular Wire of Net FE_OFN145_delayed_eigen_weight_147_  ( M2 )
Bounds : ( 558.460, 426.020 ) ( 558.740, 426.300 )


SHORT: Regular Via of Net FE_OFN82_delayed_eigen_weight_241_ & Regular Wire of Net submod_op_centred_pixels[82]  ( M2 )
Bounds : ( 556.220, 397.970 ) ( 556.500, 398.350 )


SHORT: Regular Wire of Net submod_op_centred_pixels[85] & Regular Wire of Net FE_OFN163_delayed_eigen_weight_129_  ( M2 )
Bounds : ( 562.380, 426.020 ) ( 562.660, 426.300 )


SHORT: Regular Via of Net FE_OFN163_delayed_eigen_weight_129_ & Regular Wire of Net submod_op_centred_pixels[93]  ( M2 )
Bounds : ( 563.500, 425.970 ) ( 563.780, 426.350 )


SHORT: Regular Via of Net submod_op_centred_pixels[121] & Regular Wire of Net submod_op_centred_pixels[123]  ( M2 )
Bounds : ( 544.460, 431.570 ) ( 544.740, 431.950 )


SHORT: Regular Via of Net mac_inst/csa_tree_add_36_25_I16/FE_OFN4_submod_op_centred_pixels_153_ & Regular Wire of Net mac_inst/csa_tree_add_52_54_groupi/FE_OFN319_n_117  ( M2 )
Bounds : ( 595.980, 403.570 ) ( 596.260, 403.950 )


SHORT: Regular Via of Net mac_inst/csa_tree_add_36_25_I16/FE_OFN244_delayed_eigen_weight_5_ & Regular Wire of Net mac_inst/csa_tree_add_36_25_I16/FE_OFN18_submod_op_centred_pixels_125_  ( M2 )
Bounds : ( 541.100, 442.770 ) ( 541.380, 443.150 )


SHORT: Regular Wire of Net FE_OFN28_submod_op_centred_pixels_95_ & Regular Wire of Net FE_OFN145_delayed_eigen_weight_147_  ( M2 )
Bounds : ( 560.140, 431.620 ) ( 560.420, 431.900 )


SHORT: Regular Via of Net mac_inst/csa_tree_add_36_25_I16/FE_OFN158_delayed_eigen_weight_134_ & Regular Wire of Net FE_OFN97_delayed_eigen_weight_226_  ( M2 )
Bounds : ( 543.340, 442.770 ) ( 543.620, 443.150 )


SHORT: Regular Wire of Net FE_OFN145_delayed_eigen_weight_147_ & Regular Wire of Net mac_inst/csa_tree_add_36_25_I16/FE_OFN159_delayed_eigen_weight_133_  ( M2 )
Bounds : ( 559.020, 431.620 ) ( 559.300, 431.900 )


SHORT: Regular Wire of Net FE_OFN146_delayed_eigen_weight_146_ & Regular Wire of Net FE_OFN163_delayed_eigen_weight_129_  ( M2 )
Bounds : ( 561.820, 426.020 ) ( 562.100, 426.300 )


SHORT: Regular Via of Net FE_OFN162_delayed_eigen_weight_130_ & Regular Wire of Net FE_OFN146_delayed_eigen_weight_146_  ( M2 )
Bounds : ( 561.820, 420.370 ) ( 562.100, 420.750 )


SHORT: Regular Via of Net FE_OFN148_delayed_eigen_weight_144_ & Regular Wire of Net mac_inst/csa_tree_add_36_25_I16/FE_OFN160_delayed_eigen_weight_132_  ( M2 )
Bounds : ( 555.100, 448.370 ) ( 555.380, 448.750 )


SHORT: Regular Wire of Net submod_op_centred_pixels[82] & Regular Wire of Net mac_inst/csa_tree_add_36_25_I16/FE_OFN160_delayed_eigen_weight_132_  ( M2 )
Bounds : ( 556.780, 526.820 ) ( 557.060, 527.100 )


SHORT: Regular Via of Net submod_op_centred_pixels[122] & Regular Wire of Net FE_OFN97_delayed_eigen_weight_226_  ( M2 )
Bounds : ( 543.340, 481.625 ) ( 543.620, 482.350 )


SHORT: Regular Via of Net mac_inst/csa_tree_add_36_25_I16/FE_OFN116_delayed_eigen_weight_196_ & Regular Wire of Net submod_op_centred_pixels[123]  ( M2 )
Bounds : ( 542.220, 504.370 ) ( 542.500, 504.750 )


SHORT: Regular Via of Net submod_op_centred_pixels[123] & Regular Wire of Net FE_OFN97_delayed_eigen_weight_226_  ( M2 )
Bounds : ( 543.340, 504.370 ) ( 543.620, 504.750 )


SHORT: Regular Wire of Net submod_op_centred_pixels[123] & Regular Wire of Net mac_inst/csa_tree_add_36_25_I16/FE_OFN116_delayed_eigen_weight_196_  ( M2 )
Bounds : ( 542.220, 504.420 ) ( 543.060, 504.700 )


SHORT: Regular Via of Net clk & Regular Wire of Net macmod_op_acc[31]  ( M2 )
Bounds : ( 621.180, 526.425 ) ( 621.460, 527.150 )


SHORT: Regular Wire of Net clk & Regular Wire of Net FE_OFN252_n_1  ( M2 )
Bounds : ( 612.780, 555.380 ) ( 613.060, 555.660 )


SHORT: Regular Via of Net FE_OFN9_submod_op_centred_pixels_145_ & Regular Wire of Net FE_OFN97_delayed_eigen_weight_226_  ( M2 )
Bounds : ( 543.340, 509.970 ) ( 543.620, 510.350 )


SHORT: Regular Via of Net mac_inst/csa_tree_add_36_25_I16/FE_OFN67_submod_op_centred_pixels_4_ & Regular Wire of Net mac_inst/csa_tree_add_36_25_I16/FE_OFN18_submod_op_centred_pixels_125_  ( M2 )
Bounds : ( 541.100, 504.370 ) ( 541.380, 504.750 )


SHORT: Regular Via of Net mac_inst/csa_tree_add_36_25_I16/FE_OFN61_submod_op_centred_pixels_10_ & Regular Wire of Net FE_OFN146_delayed_eigen_weight_146_  ( M2 )
Bounds : ( 550.620, 521.170 ) ( 550.900, 521.550 )


SHORT: Regular Via of Net mac_inst/csa_tree_add_36_25_I16/FE_OFN66_submod_op_centred_pixels_5_ & Regular Wire of Net mac_inst/csa_tree_add_36_25_I16/FE_OFN64_submod_op_centred_pixels_7_  ( M2 )
Bounds : ( 550.620, 560.370 ) ( 550.900, 560.750 )


SHORT: Regular Via of Net mac_inst/csa_tree_add_36_25_I16/FE_OFN66_submod_op_centred_pixels_5_ & Regular Wire of Net FE_OFN248_delayed_eigen_weight_1_  ( M2 )
Bounds : ( 550.060, 526.770 ) ( 550.340, 527.150 )


SHORT: Regular Via of Net FE_OFN249_delayed_eigen_weight_0_ & Regular Wire of Net mac_inst/csa_tree_add_36_25_I16/FE_OFN66_submod_op_centred_pixels_5_  ( M2 )
Bounds : ( 551.740, 526.820 ) ( 552.020, 527.100 )


SHORT: Regular Wire of Net mac_inst/csa_tree_add_36_25_I16/FE_OFN66_submod_op_centred_pixels_5_ & Regular Wire of Net FE_OFN146_delayed_eigen_weight_146_  ( M2 )
Bounds : ( 550.620, 526.820 ) ( 550.900, 527.100 )


SHORT: Regular Wire of Net mac_inst/csa_tree_add_36_25_I16/FE_OFN66_submod_op_centred_pixels_5_ & Regular Wire of Net FE_OFN248_delayed_eigen_weight_1_  ( M2 )
Bounds : ( 550.620, 560.420 ) ( 552.020, 560.700 )


SHORT: Regular Via of Net mac_inst/csa_tree_add_36_25_I16/FE_OFN158_delayed_eigen_weight_134_ & Regular Wire of Net FE_OFN143_delayed_eigen_weight_149_  ( M2 )
Bounds : ( 538.860, 532.370 ) ( 539.140, 532.750 )


SHORT: Regular Via of Net FE_OFN247_delayed_eigen_weight_2_ & Regular Wire of Net mac_inst/csa_tree_add_36_25_I16/FE_OFN158_delayed_eigen_weight_134_  ( M2 )
Bounds : ( 539.980, 504.370 ) ( 540.260, 504.750 )


SHORT: Regular Via of Net mac_inst/csa_tree_add_36_25_I16/FE_OFN283_n_5330 & Regular Wire of Net mac_inst/csa_tree_add_36_25_I16/FE_OFN160_delayed_eigen_weight_132_  ( M2 )
Bounds : ( 555.100, 498.770 ) ( 555.380, 499.150 )


SHORT: Regular Via of Net mac_inst/FE_OFN261_n_13 & Regular Wire of Net macmod_op_acc[31]  ( M2 )
Bounds : ( 629.020, 521.220 ) ( 629.300, 521.500 )


SHORT: Regular Wire of Net macmod_op_acc[33] & Regular Wire of Net clk  ( M2 )
Bounds : ( 651.980, 538.020 ) ( 652.260, 538.300 )


SHORT: Regular Wire of Net macmod_op_acc[33] & Regular Wire of Net clk  ( M2 )
Bounds : ( 651.420, 532.980 ) ( 651.700, 533.260 )


SHORT: Regular Wire of Net stream_eigen_weight[230] & Regular Wire of Net stream_mean[72]  ( M3 )
Bounds : ( 698.850, 522.340 ) ( 699.130, 522.620 )


SHORT: Regular Via of Net stream_eigen_weight[243] & Regular Wire of Net FE_OFN252_n_1  ( M2 )
Bounds : ( 634.620, 498.425 ) ( 634.900, 499.150 )


SHORT: Regular Via of Net stream_mean[57] & Regular Wire of Net mac_inst/FE_OFN305_n_43  ( M2 )
Bounds : ( 674.380, 414.985 ) ( 674.660, 415.710 )


SHORT: Regular Via of Net clk & Regular Wire of Net FE_OFN252_n_1  ( M2 )
Bounds : ( 662.620, 442.770 ) ( 662.900, 443.150 )


SHORT: Regular Via of Net FE_OFN252_n_1 & Regular Wire of Net mac_inst/FE_OFN261_n_13  ( M2 )
Bounds : ( 663.740, 415.330 ) ( 664.020, 415.710 )


SHORT: Regular Via of Net FE_OFN252_n_1 & Regular Wire of Net mac_inst/FE_OFN261_n_13  ( M2 )
Bounds : ( 663.740, 442.210 ) ( 664.020, 442.590 )


SHORT: Regular Wire of Net FE_OFN252_n_1 & Regular Wire of Net mac_inst/FE_OFN261_n_13  ( M2 )
Bounds : ( 663.740, 397.460 ) ( 664.020, 397.740 )


SHORT: Regular Via of Net mac_inst/FE_OFN261_n_13 & Regular Wire of Net mac_inst/FE_OFN305_n_43  ( M2 )
Bounds : ( 663.690, 448.980 ) ( 664.070, 449.260 )


SHORT: Regular Wire of Net mac_inst/FE_OFN261_n_13 & Regular Wire of Net mac_inst/FE_OFN305_n_43  ( M2 )
Bounds : ( 663.180, 475.860 ) ( 664.020, 476.140 )


SHORT: Regular Via of Net mac_inst/csa_tree_add_36_25_I16/FE_OFN159_delayed_eigen_weight_133_ & Regular Wire of Net submod_op_centred_pixels[82]  ( M2 )
Bounds : ( 556.780, 566.020 ) ( 557.060, 566.300 )


SHORT: Regular Via of Net clk & Regular Wire of Net mac_inst/csa_tree_add_36_25_I16/FE_OFN228_delayed_eigen_weight_22_  ( M2 )
Bounds : ( 541.100, 577.730 ) ( 541.380, 578.110 )


SHORT: Regular Via of Net clk & Regular Wire of Net mac_inst/csa_tree_add_36_25_I16/FE_OFN158_delayed_eigen_weight_134_  ( M2 )
Bounds : ( 539.980, 566.530 ) ( 540.260, 566.910 )



Begin Summary ...
  Cells       : 0
  SameNet     : 0
  Wiring      : 0
  Antenna     : 0
  Short       : 1000
  Overlap     : 0
End Summary

  Total Violations : 1000 Viols.
